"","City","ProtestSize"
"1","4S Ranch, CA",243
"2","Abbeville, LA",NA
"3","Aberdeen, NC",NA
"4","Aberdeen, SD",NA
"5","Abilene, TX",NA
"6","Abingdon, VA",NA
"7","Abington, PA",NA
"8","Accomac, VA",NA
"9","Acton, MA",NA
"10","Ada, OK",2000
"11","Addison, TX",NA
"12","Adrian, MI",208.5
"13","Agoura Hills, CA",NA
"14","Aiken, SC",NA
"15","Akron, OH",NA
"16","Alameda, CA",NA
"17","Alamo Heights, TX",300
"18","Alamogordo, NM",NA
"19","Albany, CA",NA
"20","Albany, GA",25
"21","Albany, NY",NA
"22","Albany, OR",600
"23","Albemarle, NC",80
"24","Albert Lea, MN",200
"25","Albertville, AL",NA
"26","Albion, MI",80
"27","Albuqeurque, NM",NA
"28","Albuquerque, NM",NA
"29","Alburquerque, NM",500
"30","Alcalde, NM",NA
"31","Alcoa, TN",137
"32","Aledo, TX",NA
"33","Alexandria, IN",23.5
"34","Alexandria, LA",NA
"35","Alexandria, MN",200
"36","Alexandria, VA",NA
"37","Algonac, MI",10
"38","Alhambra, CA",200
"39","Alice, TX",30
"40","Aliquippa, PA",75
"41","Allegan, MI",100
"42","Allen Park, MI",600
"43","Allendale, MI",NA
"44","Allentown, PA",NA
"45","Alliance, OH",300
"46","Alpena, MI",250
"47","Alpharetta, GA",NA
"48","Alpine, TX",350
"49","Altadena, CA",NA
"50","Altamont, NY",100
"51","Alton, IL",186.666666666667
"52","Alton, NH",7
"53","Altoona, PA",NA
"54","Altus, OK",100
"55","Alva, OK",50
"56","Amarillo, TX",NA
"57","Ambler, PA",300
"58","Ambridge, PA",NA
"59","Americus, GA",200
"60","Amery, WI",30
"61","Ames, IA",NA
"62","Amesbury, MA",350
"63","Amherst, MA",NA
"64","Amherst, NY",NA
"65","Amherst, OH",NA
"66","Amherst, VA",NA
"67","Amityville, NY",NA
"68","Amory, MS",NA
"69","Amsterdam, NY",300
"70","Anacortes, WA",NA
"71","Anaheim, CA",381.25
"72","Anchorage, AK",NA
"73","Andalusia, AL",3
"74","Anderson, IN",NA
"75","Anderson, OH",36
"76","Anderson, SC",500
"77","Andover Township, NJ",100
"78","Andover, MA",NA
"79","Angels Camp, CA",350
"80","Angleton, TX",500
"81","Angola, IN",15
"82","Ann Arbor, MI",NA
"83","Anna, IL",150
"84","Annapolis, MD",NA
"85","Anniston, AL",NA
"86","Annville, PA",NA
"87","Anoka, MN",100
"88","Ansonia, CT",NA
"89","Antioch, CA",NA
"90","Apex, NC",NA
"91","Apopka, FL",NA
"92","Apple Valley, CA",NA
"93","Apple Valley, MN",2
"94","Appleton, WI",NA
"95","Appomattox, VA",NA
"96","Arcata, CA",450
"97","Ardmore, OK",150
"98","Ardmore, PA",NA
"99","Arkadelphia, AR",200
"100","Arlington Heights, IL",275
"101","Arlington, MA",300
"102","Arlington, TX",NA
"103","Arlington, VA",NA
"104","Arvin, CA",45
"105","Asbury Park, NJ",NA
"106","Ashbury Park, NJ",NA
"107","Asheboro, NC",NA
"108","Asheville, NC",NA
"109","Ashfield, MA",300
"110","Ashland, AL",NA
"111","Ashland, KY",NA
"112","Ashland, OH",NA
"113","Ashland, OR",200
"114","Ashland, VA",NA
"115","Ashland, WI",106
"116","Ashtabula, OH",NA
"117","Aspen, CO",105
"118","Aston, PA",NA
"119","Astoria, OR",NA
"120","Atchison, KS",250
"121","Athena, OH",24
"122","Athens, AL",NA
"123","Athens, GA",NA
"124","Athens, OH",106.4
"125","Athens, TN",200
"126","Atherton, CA",NA
"127","Athol, MA",35
"128","Atlanta, GA",NA
"129","Atlantic City, NJ",NA
"130","Atoka, OK",NA
"131","Attleboro, MA",200
"132","Auburn, AL",NA
"133","Auburn, CA",312.5
"134","Auburn, IN",NA
"135","Auburn, ME",NA
"136","Auburn, NE",NA
"137","Auburn, NY",NA
"138","Auburn, WA",NA
"139","Augusta, GA",NA
"140","Augusta, ME",762
"141","Aurora, CO",NA
"142","Aurora, IL",200
"143","Austin, TX",NA
"144","Auxvasse, MO",36
"145","Avon, CT",NA
"146","Avon, OH",200
"147","Avondale Estates, GA",NA
"148","Aztec, NM",NA
"149","Babylon, NY",NA
"150","Bad Axe, MI",101.5
"151","Bainbridge Island, WA",NA
"152","Bainbridge, NY",68
"153","Bakersfield, CA",NA
"154","Bala Cynwyd, PA",70
"155","Baldwinsville, NY",75
"156","Bally, PA",60
"157","Baltimore, MD",NA
"158","Bandon, OR",NA
"159","Bangor, ME",400
"160","Bangor, PA",62
"161","Banks, OR",200
"162","Banning, CA",100
"163","Bar Harbor, ME",NA
"164","Barbourville, KY",100
"165","Barnstable, MA",250
"166","Barrington, IL",200
"167","Barrington, RI",NA
"168","Barstow, CA",12
"169","Bartlesville, OK",NA
"170","Basking Ridge, NJ",NA
"171","Bastrop, TX",NA
"172","Batavia, IL",200
"173","Batavia, NY",11
"174","Batesville, AR",275
"175","Bath, ME",42.6666666666667
"176","Baton Rouge, LA",NA
"177","Battle Creek, MI",200
"178","Bay City, MI",NA
"179","Bay Lake, FL",NA
"180","Bay Saint Louis, MS",100
"181","Bay Shore, NY",NA
"182","Bay Village, OH",100.5
"183","Bayonne, NJ",200
"184","Baytown, TX",150
"185","Beachwood, OH",1000
"186","Beacon, NY",NA
"187","Beardstown, IL",50
"188","Beatrice, NE",NA
"189","Beaufort, NC",NA
"190","Beaufort, SC",NA
"191","Beaumont, TX",NA
"192","Beaver Dam, WI",24
"193","Beaver Falls, PA",133.333333333333
"194","Beaver, PA",NA
"195","Beavercreek, OH",NA
"196","Beaverton, LA",18
"197","Beaverton, OR",NA
"198","Becinia, CA",183
"199","Beckley, WV",NA
"200","Bedford, IN",51.5
"201","Bedford, PA",35
"202","Bedford, VA",100
"203","Bedminster, NJ",100
"204","Beecher, MI",100
"205","Bel Air, MD",175
"206","Belchertown, MA",55
"207","Belfast, ME",NA
"208","Bellbrook, OH",200
"209","Belle Chasse, LA",NA
"210","Belle Fourche, SD",NA
"211","Bellefonte, PA",65
"212","Belleville, FL",62
"213","Belleville, IL",NA
"214","Belleville, MI",NA
"215","Belleville, NJ",200
"216","Bellevue, ID",40
"217","Bellevue, NE",NA
"218","Bellevue, PA",NA
"219","Bellevue, WA",NA
"220","Bellingham, WA",NA
"221","Bellows Falls, VT",300
"222","Bellport, NY",NA
"223","Belmont, MA",300
"224","Beloit, WI",108
"225","Belton, TX",NA
"226","Bemidji, MN",NA
"227","Ben Avon, PA",55
"228","Bend, OR",266.5
"229","Benicia, CA",NA
"230","Bennington, VT",NA
"231","Bensalem, PA",200
"232","Benton Harbor, MI",NA
"233","Benton, AR",200
"234","Benton, IL",60
"235","Benton, KY",NA
"236","Bentonville, AR",NA
"237","Berea, KY",117.6
"238","Berkeley Heights, NJ",2000
"239","Berkeley Springs, WV",325
"240","Berkeley, CA",NA
"241","Berlin, CT",NA
"242","Berlin, NH",200
"243","Berlin, OH",100
"244","Bernardsville, NJ",NA
"245","Berrien Springs, MI",600
"246","Berryville, VA",300
"247","Berthoud, CO",NA
"248","Berwick, PA",100
"249","Berwyn, IL",NA
"250","Bethel, AK",100
"251","Bethel, CT",NA
"252","Bethel, ME",375
"253","Bethel, OH",NA
"254","Bethel, VT",250
"255","Bethesda, MD",NA
"256","Bethlehem, NY",NA
"257","Bethlehem, PA",NA
"258","Bethpage, NY",NA
"259","Bettendorf, IA",200
"260","Beverly Hills, CA",NA
"261","Beverly Hills, MI",NA
"262","Beverly, MA",NA
"263","Big Bear Lake, CA",NA
"264","Big Lake, MN",100
"265","Big Rapids, MI",400
"266","Big Spring, TX",20
"267","Big Stone Gap, VA",150
"268","Billerica, MA",200
"269","Billings, MT",NA
"270","Biloxi, MS",50
"271","Binghamton, NY",NA
"272","Birdsboro, PA",150
"273","Birmingham, AL",NA
"274","Birmingham, MI",NA
"275","Bisbee, AZ",78
"276","Bishop, CA",135
"277","Bismarck, ND",250
"278","Blacksburg, VA",93.5
"279","Blaine, MN",13
"280","Bloomfield Hills, MI",20
"281","Bloomfield, CT",NA
"282","Bloomfield, NJ",75
"283","Bloomingdale, GA",NA
"284","Bloomington, IL",NA
"285","Bloomington, IN",530.4
"286","Bloomington, MN",275
"287","Bloomsburg, PA",500
"288","Blue Ash, OH",500
"289","Blue Springs, MO",12
"290","Bluefield, WV",NA
"291","Bluffton, SC",75.5
"292","Boca Raton, FL",NA
"293","Boerne, TX",100
"294","Boise, ID",NA
"295","Bolingbrook, IL",300
"296","Bolton, CT",NA
"297","Bonita Springs, FL",30
"298","Bonney Lake, WA",11
"299","Boone, IA",200
"300","Boone, NC",165.5
"301","Boonton, NJ",600
"302","Boonville, MO",NA
"303","Bossier City, LA",NA
"304","Boston, MA",NA
"305","Bothell, WA",NA
"306","Boulder City, NV",50
"307","Boulder, CO",211.333333333333
"308","Boulder, UT",100
"309","Bountiful, UT",200
"310","Bowling Green, KY",NA
"311","Bowling Green, OH",216.666666666667
"312","Bowling Green, VA",300
"313","Boyertown, PA",200
"314","Boynton Beach, FL",62
"315","Bozeman, MT",1673.33333333333
"316","Bradenton, FL",NA
"317","Bradford, PA",15
"318","Bradley, IL",100
"319","Brainerd, MN",40.6666666666667
"320","Braintree, MA",200
"321","Brandon, MS",NA
"322","Branford, CT",500
"323","Branson, MO",74.6666666666667
"324","Braselton, GA",100
"325","Brattleboro, VT",NA
"326","Brea, CA",300
"327","Breckinridge, CO",NA
"328","Brecksville, OH",1000
"329","Bremerton, WA",300
"330","Brentwood, CA",NA
"331","Brentwood, MO",200
"332","Brentwood, NY",200
"333","Brentwood, PA",45
"334","Brentwood, TN",130
"335","Brevard, NC",NA
"336","Brewster, NY",NA
"337","Brewton, AL",35
"338","Briarwood, NY",200
"339","Brick, NJ",300
"340","Bridgehampton, NY",600
"341","Bridgeport, CT",NA
"342","Bridgeport, PA",NA
"343","Bridgewater, CT",30
"344","Bridgewater, MA",NA
"345","Bridgewater, NJ",NA
"346","Brighton, MI",150
"347","Brighton, NY",200
"348","Bristol, CT",NA
"349","Bristol, NH",200
"350","Bristol, PA",200
"351","Bristol, RI",600
"352","Bristol, TN",NA
"353","Broadway, VA",NA
"354","Brockton, MA",NA
"355","Broken Arrow, OK",250
"356","Bronson, FL",100
"357","Brookfield, CT",NA
"358","Brookfield, MO",15
"359","Brookfield, WI",NA
"360","Brookings, OR",NA
"361","Brookings, SD",200
"362","Brookline, MA",NA
"363","Broomfield, CO",NA
"364","Brown Deer, WI",NA
"365","Brownsville, PA",100
"366","Brownsville, TX",100
"367","Brownwood, TX",200
"368","Brunswick, GA",NA
"369","Brunswick, ME",166.666666666667
"370","Bryan, OH",24
"371","Bryan, TX",NA
"372","Bryn Mawr, PA",127.5
"373","Bryson City, NC",300
"374","Bucksport, ME",NA
"375","Bucyrus, OH",100
"376","Buda, TX",50
"377","Buellton, CA",200
"378","Buena Park, CA",NA
"379","Buffalo Grove, IL",200
"380","Buffalo, MN",55
"381","Buffalo, NY",NA
"382","Bullhead City, AZ",NA
"383","Burbank, CA",NA
"384","Burien, WA",850
"385","Burke, VA",NA
"386","Burlingame, CA",NA
"387","Burlington, IA",200
"388","Burlington, NC",300
"389","Burlington, VT",NA
"390","Burlington, WA",200
"391","Burlington, WI",200
"392","Burtonsville, MD",NA
"393","Butler, AL",60
"394","Butler, PA",250
"395","Butte, MT",100
"396","Buzzards Bay, MA",200
"397","Byhalia, MS",NA
"398","Byram, NJ",NA
"399","Cabot, AR",200
"400","Cadillac, MI",300
"401","Cadiz, KY",200
"402","Cairo, GA",100
"403","Calabasas, CA",NA
"404","Caldwell, NJ",NA
"405","Caledonia, NY",24
"406","Calexico, CA",200
"407","Calhoun, GA",NA
"408","California, PA",175
"409","Callicoon, NY",NA
"410","Calumet City, IL",NA
"411","Camarillo, CA",NA
"412","Camas, WA",200
"413","Cambridge, MA",NA
"414","Cambridge, MD",NA
"415","Cambridge, NY",32
"416","Cambridge, OH",100
"417","Camden, DE",NA
"418","Camden, ME",NA
"419","Camden, NJ",NA
"420","Camdenton, MO",250
"421","Camp Hill, PA",196
"422","Canaan, NH",75
"423","Canajoharie, NY",14
"424","Canal Winchester, OH",50
"425","Canandaigua, NY",225
"426","Canfield, OH",130
"427","Canon City, CO",50
"428","Canonsburg, PA",NA
"429","Canova Park, FL",300
"430","Canton, GA",NA
"431","Canton, IL",NA
"432","Canton, MI",300
"433","Canton, MO",12
"434","Canton, NC",NA
"435","Canton, NY",NA
"436","Canton, OH",NA
"437","Canyon, TX",200
"438","Cape Giradeau, MO",36
"439","Cape Girardeau, MO",75
"440","Cape May Court House, NJ",NA
"441","Cape May, NJ",175
"442","Cape Vincent, NY",NA
"443","Capitola, CA",300
"444","Carbondale, IL",207.5
"445","Carbondale, PA",100
"446","Cardiff, CA",NA
"447","Carefree, AZ",2
"448","Caribou, ME",NA
"449","Carleton, MI",20
"450","Carlisle, PA",NA
"451","Carlsbad, CA",200
"452","Carlsbad, NM",31.3333333333333
"453","Carlstadt, NJ",80
"454","Carmel, IN",NA
"455","Carmel, NY",70
"456","Caro, MI",NA
"457","Carol Stream, IL",NA
"458","Carrollton, GA",NA
"459","Carrollton, OH",2
"460","Carrollton, TX",NA
"461","Carson City, NV",83.25
"462","Carson, CA",24
"463","Cartersville, GA",200
"464","Carterville, IL",100
"465","Carthage, TX",35
"466","Cary, NC",NA
"467","Casa Grande, AZ",NA
"468","Casper, WY",209.666666666667
"469","Castle Rock, CO",300
"470","Castro Valley, CA",NA
"471","Catasauqua, PA",NA
"472","Catonsville, MD",NA
"473","Catskill, NY",125
"474","Cazenovia, NY",24
"475","Cedar City, UT",135
"476","Cedar Hill, TX",NA
"477","Cedar Park, TX",NA
"478","Cedar Rapids, IA",NA
"479","Cedarburg, WI",NA
"480","Cedarhurst, NY",400
"481","Cedartown, GA",24
"482","Celina, TX",NA
"483","Center, TX",NA
"484","Centerville, OH",300
"485","Centralia, IL",75
"486","Centralia, WA",NA
"487","Centreville, MA",175
"488","Cerritos, CA",200
"489","Chadron, NE",NA
"490","Chagrin Falls, OH",149.5
"491","Chambersburg, PA",NA
"492","Champaign, IL",NA
"493","Chandler, AZ",NA
"494","Chapel Hill, NC",NA
"495","Charles City, IA",NA
"496","Charles Town, WV",500
"497","Charleston, IL",200
"498","Charleston, SC",NA
"499","Charleston, WV",NA
"500","Charlevoix, MI",NA
"501","Charlotte, NC",NA
"502","Charlottesville, VA",NA
"503","Chase City, VA",NA
"504","Chaska, MN",60
"505","Chatham, MA",40
"506","Chatsworth, CA",700
"507","Chattanooga, TN",NA
"508","Cheboygan, MI",100
"509","Chehalis, WA",NA
"510","Chelsea, MI",NA
"511","Chenoa, IL",NA
"512","Cherry Hill, NJ",200
"513","Cherry Valley, NY",NA
"514","Chesapeake, VA",NA
"515","Cheshire, CT",NA
"516","Chester, SC",200
"517","Chester, VT",150
"518","Chesterfield, MI",12
"519","Chesterfield, MO",117.5
"520","Chesterfield, VA",250
"521","Chestertown, MD",NA
"522","Chevy Chase, MD",NA
"523","Cheyenne, WY",NA
"524","Chicago, IL",NA
"525","Chico, CA",NA
"526","Chicopee, MA",300
"527","Chillicothe, OH",NA
"528","Chilmark, MA",250
"529","Chincoteague, VA",NA
"530","Chino Hills, CA",325
"531","Chino, CA",NA
"532","Chisholm, MN",NA
"533","Chllicothe, OH",50
"534","Chowchilla, CA",NA
"535","Christianburg, VA",225
"536","Chula Vista, CA",NA
"537","Cincinnati, OH",NA
"538","Citrus Heights, CA",500
"539","Clairton, PA",NA
"540","Claremont, CA",NA
"541","Claremont, NH",100
"542","Claremore, OK",NA
"543","Clarendon, VA",200
"544","Clarion, PA",750
"545","Clarksburg, MD",NA
"546","Clarksburg, WV",NA
"547","Clarksdale, MS",NA
"548","Clarkston, MI",300
"549","Clarksville, IN",250
"550","Clarksville, TN",136.833333333333
"551","Claxton, GA",100
"552","Clayton, CA",NA
"553","Clayton, GA",NA
"554","Clayton, MO",143.5
"555","Clayton, OK",400
"556","Clearfield, PA",100
"557","Clearlake, CA",NA
"558","Clearwater, FL",NA
"559","Cleburne, TX",NA
"560","Clemson, SC",3000
"561","Clermont, FL",200
"562","Cleveland Heights, OH",100
"563","Cleveland, MS",200
"564","Cleveland, OH",NA
"565","Cleveland, TN",50
"566","Clifton Heights, PA",30
"567","Clifton Park, NY",500
"568","Clifton, NJ",700
"569","Clinton Township, MI",5000
"570","Clinton, CT",NA
"571","Clinton, IA",200
"572","Clinton, MA",NA
"573","Clinton, MD",14
"574","Clinton, NJ",22
"575","Clinton, NY",215
"576","Clinton, TN",150
"577","Cloudcroft, NM",47.5
"578","Cloverdale, CA",50
"579","Clovis, CA",18
"580","Clovis, NM",200
"581","Coatesville, PA",1700
"582","Cobb, GA",NA
"583","Cobleskill, NY",NA
"584","Cockeysville, MD",NA
"585","Cocoa, FL",2500
"586","Cody, WY",NA
"587","Coeur d'Alene, ID",NA
"588","Coffeyville, KS",200
"589","Cohasset, MA",50
"590","Cohoes, NY",200
"591","Colchester, CT",450
"592","Colchester, VT",87
"593","Coldwater, MI",200
"594","Colfax, CA",15
"595","College Park, MD",NA
"596","College Station, TX",NA
"597","Collegeville, PA",150
"598","Colliersville, TN",30
"599","Collierville, TN",NA
"600","Collingdale, PA",50
"601","Collingswood, NJ",2000
"602","Collinsville, IL",300
"603","Colonial Beach, VA",24
"604","Colonie, NY",35
"605","Colorado Springs, CA",100
"606","Colorado Springs, CO",NA
"607","Columbia, IL",50
"608","Columbia, MD",2000
"609","Columbia, MI",25
"610","Columbia, MO",NA
"611","Columbia, MS",NA
"612","Columbia, PA",NA
"613","Columbia, SC",NA
"614","Columbus, GA",112.25
"615","Columbus, IN",475
"616","Columbus, MS",NA
"617","Columbus, NE",36
"618","Columbus, OH",NA
"619","Coluso, CA",200
"620","Commack, NY",84.6666666666667
"621","Commerce, TX",200
"622","Compton, CA",NA
"623","Concord, CA",NA
"624","Concord, NC",32.6666666666667
"625","Concord, NH",836
"626","Connellsville, PA",75
"627","Connersville, IN",50
"628","Conroe, TX",100
"629","Conshohocken, PA",NA
"630","Conway, AR",NA
"631","Conway, NH",200
"632","Conway, SC",NA
"633","Conyers, GA",NA
"634","Cookeville, TN",NA
"635","Coolidge, AZ",100
"636","Cooperstown, NY",500
"637","Coos Bay, OR",NA
"638","Copley, CA",300
"639","Coppell, TX",NA
"640","Copperas Cove, TX",6.5
"641","Coral Gables, FL",NA
"642","Coral Springs, FL",24
"643","Coralville, IA",115
"644","Coraopolis, PA",NA
"645","Corbin, KY",103.333333333333
"646","Cordova, AK",93.5
"647","Cornelius, NC",300
"648","Corning, NY",700
"649","Cornwall, CT",400
"650","Corona, CA",500
"651","Coronado, CA",NA
"652","Corpus Christi, TX",100
"653","Corpus Cristi, TX",200
"654","Corry, PA",100
"655","Cortez, CO",NA
"656","Cortland, NY",200
"657","Corvallis, NY",200
"658","Corvallis, OR",1000
"659","Coshocton, OH",350
"660","Costa Mesa, CA",NA
"661","Cottage Grove, MN",24
"662","Cottage Grove, OR",NA
"663","Cottonwood Heights, UT",NA
"664","Coudersport, PA",24
"665","Council Bluffs, IA",NA
"666","Coventry, CT",275
"667","Covington, GA",NA
"668","Covington, KY",24
"669","Covington, LA",200
"670","Covington, TN",100
"671","Covington, VA",NA
"672","Covington, WA",NA
"673","Coxsackie, NY",200
"674","Craig, CO",5
"675","Cranberry Township, PA",200
"676","Cranford, NJ",NA
"677","Crawford, GA",4
"678","Crawfordsville, IN",NA
"679","Crawfordville, FL",200
"680","Creede, CO",NA
"681","Crescent City, CA",100
"682","Cresco, IA",NA
"683","Crested Butte, CO",NA
"684","Creve Coeur, MO",65
"685","Crofton, MD",350
"686","Cromwell, CT",NA
"687","Crossett, AR",NA
"688","Croton-on-Hudson, NY",NA
"689","Crowley, LA",NA
"690","Crown Point, IN",23.6666666666667
"691","Crystal Lake, IL",NA
"692","Cuba, NY",47
"693","Cuero, TX",NA
"694","Cullman, AL",30
"695","Culpeper, VA",750
"696","Culver City, CA",NA
"697","Cumberland, MD",NA
"698","Cumming, GA",NA
"699","Cupertino, CA",NA
"700","Cypress, CA",400
"701","Dacula, GA",500
"702","Dadeville, AL",12
"703","Dallas, OR",NA
"704","Dallas, TX",NA
"705","Dallastown, PA",NA
"706","Dalles, OR",NA
"707","Dalton, GA",NA
"708","Daly City, CA",NA
"709","Damascus, MD",200
"710","Dana Point, CA",600
"711","Danbury, CT",NA
"712","Dania Beach, FL",NA
"713","Dansville, NY",11
"714","Danville, CA",NA
"715","Danville, IL",300
"716","Danville, KY",NA
"717","Danville, PA",300
"718","Danville, VA",NA
"719","Darien, CT",NA
"720","Darlington, SC",NA
"721","Dartmouth, MA",NA
"722","Davenport, FL",NA
"723","Davenport, IA",NA
"724","Davidson, NC",24
"725","Davie, FL",36
"726","Davis, CA",200
"727","Davison, MI",200
"728","Dayton, OH",NA
"729","Daytona Beach Shores, FL",NA
"730","Daytona Beach, FL",NA
"731","De Pere, WI",65
"732","Dearborn, MI",NA
"733","Decatur, AL",200
"734","Decatur, GA",NA
"735","Decatur, IL",253.75
"736","Decorah, IA",200
"737","Deep River, CT",NA
"738","Deer Park, NY",NA
"739","Deerfield, IL",NA
"740","Defiance, OH",NA
"741","DeForest, WI",6
"742","DeFuniak Springs, FL",232
"743","Dekalb, IL",175
"744","DeKalb, IL",NA
"745","Del Rio, TX",NA
"746","DeLand, FL",NA
"747","Delano, CA",NA
"748","Delaware, OH",400
"749","Delhi, NY",300.5
"750","Delmar, NY",200
"751","Delran, NJ",1000
"752","Delray Beach, FL",140
"753","Deming, NM",9
"754","Denham Springs, LA",NA
"755","Denison, IA",13
"756","Denison, TX",200
"757","Denton, TX",NA
"758","Denver, CO",NA
"759","Denville, NJ",600
"760","Derby, CT",NA
"761","Derby, KS",NA
"762","DeRidder, LA",NA
"763","Derry Township, PA",NA
"764","Derry, NH",100
"765","Des Moines, IA",NA
"766","Desert Hot Springs, CA",50
"767","Detroit Lakes, MN",36
"768","Detroit, MI",NA
"769","DeWitt, NY",29
"770","Diamond Bar, CA",480
"771","Dickinson, ND",NA
"772","Dickinson, TX",24
"773","Dillingham, AK",80
"774","Dobbs Ferry, NY",400
"775","Dodge City, KS",NA
"776","Dodgeville, WI",36
"777","Dolores, CO",100
"778","Doral, FL",NA
"779","Dormont, PA",350
"780","Dothan, AL",NA
"781","Douglasville, GA",200
"782","Dover, DE",NA
"783","Dover, NH",200
"784","Dover, NJ",NA
"785","Downers Grove, IL",200
"786","Downey, CA",300
"787","Downingtown, PA",NA
"788","Doylestown, PA",NA
"789","Drexel Hill, PA",NA
"790","Drexel HIll, PA",NA
"791","Du Quoin, IL",110
"792","Dublin, CA",200
"793","Dublin, GA",24
"794","Dublin, NH",NA
"795","Dublin, OH",200
"796","DuBois, PA",NA
"797","Dubois, WY",NA
"798","Dubuque, IA",NA
"799","Duluth, GA",NA
"800","Duluth, MN",NA
"801","Dumfries, VA",75
"802","Dunkirk, NY",NA
"803","Dunn, NC",200
"804","Dunwoody, GA",175
"805","Durango, CO",177.5
"806","Durant, OK",200
"807","Durham, CT",NA
"808","Durham, NC",NA
"809","Duvall, WA",90
"810","Dyer, IN",NA
"811","Dyersburg, TN",43.3333333333333
"812","Eagan, MN",150
"813","Eagle Pass, TX",100
"814","Eagleville, PA",NA
"815","Easley, SC",150
"816","East Brunswick, NJ",750
"817","East Granby, CT",NA
"818","East Grand Forks, MN",200
"819","East Grand Rapids, MI",NA
"820","East Hampton, CT",200
"821","East Hartford, CT",300
"822","East Haven, CT",NA
"823","East Lansing, MI",NA
"824","East Liverpool, OH",100
"825","East Longmeadow, MA",150
"826","East Los Angeles, CA",NA
"827","East Lyme, CT",NA
"828","East Meadow, NY",NA
"829","East Orange, NJ",200
"830","East Palo Alto, CA",NA
"831","East Petersburg, PA",NA
"832","East Pittsburgh, PA",70
"833","East Saint Louis, IL",NA
"834","East Spencer, NC",500
"835","East Stroudsberg, PA",NA
"836","East Stroudsburg, PA",1100
"837","East Tawas, MI",24
"838","Easthampton, MA",300
"839","Easton, MA",NA
"840","Easton, MD",NA
"841","Easton, PA",2000
"842","Eastpointe, MI",300
"843","Eastsound, WA",NA
"844","Eaton, NH",16
"845","Eaton, OH",NA
"846","Eau Claire, WI",NA
"847","Ebensburg, PA",18
"848","Eddyville, KY",NA
"849","Edgewater, IL",NA
"850","Edgewater, MD",300
"851","Edgewood, MD",24
"852","Edina, MN",NA
"853","Edinburg, TX",550
"854","Edison, NJ",200
"855","Edmond, OK",62
"856","Edmonds, WA",NA
"857","Edna, TX",80
"858","Edwardsville, IL",225
"859","Effingham, IL",NA
"860","El Cajon, CA",300
"861","El Campo, TX",NA
"862","El Centro, CA",200
"863","El Cerito, CA",NA
"864","El Cerrito, CA",NA
"865","El Dorado, AK",NA
"866","El Dorado, AR",NA
"867","El Monte, CA",NA
"868","El Paso, TX",NA
"869","El Segundo, CA",100
"870","Elburn, IL",200
"871","Elgin, IL",NA
"872","Elizabeth City, NC",200
"873","Elizabeth, NJ",200
"874","Elizabethton, TN",NA
"875","Elizabethtown, KY",NA
"876","Elizabethtown, NY",80
"877","Elizabethtown, PA",250
"878","Elk Grove Village, IL",90
"879","Elkhart, IN",150
"880","Elkin, NC",NA
"881","Elko, NV",NA
"882","Elkton, MD",NA
"883","Ellensburg, WA",NA
"884","Ellington, CT",NA
"885","Ellsworth, ME",NA
"886","Ellwood City, PA",45.3333333333333
"887","Elmhurst, IL",200
"888","Elmira, NY",NA
"889","Elsmere, KY",200
"890","Ely, WI",250
"891","Elyria, OH",8
"892","Emmaus, PA",NA
"893","Emporia, KS",NA
"894","Encinitas, CA",NA
"895","Encino, CA",NA
"896","Endicott, NY",35
"897","Enfield, CT",350
"898","Englewood, CO",NA
"899","Englewood, NJ",600
"900","Englewood, OH",200
"901","Enid, OK",NA
"902","Enterprise, OR",200
"903","Ephrata, PA",NA
"904","Erie, CO",1000
"905","Erie, PA",NA
"906","Erlanger, KY",24
"907","Escanaba, MI",118
"908","Escondido, CA",212
"909","Española, NM",NA
"910","Essex Junction, VT",NA
"911","Essex, MA",NA
"912","Essex, VT",300
"913","Estacada, OR",NA
"914","Estes Park, CO",NA
"915","Euclid, OH",NA
"916","Eugene, OR",NA
"917","Eureka, CA",70
"918","Eureka, MO",NA
"919","Evans, GA",NA
"920","Evanston, IL",1122
"921","Evansville, IN",NA
"922","Everett, MA",150
"923","Everett, WA",NA
"924","Evergreen Park, IL",200
"925","Evergreen, CO",NA
"926","Exeter, PA",85
"927","Exmore, VA",150
"928","Fair Lawn, NJ",40
"929","Fairbanks, AK",NA
"930","Fairborn, OH",NA
"931","Fairfax, CA",NA
"932","Fairfax, VA",NA
"933","Fairfield, CA",NA
"934","Fairfield, CT",NA
"935","Fairfield, IA",400
"936","Fairfield, OH",NA
"937","Fairmont, NC",50
"938","Fairmont, WV",NA
"939","Fairport, NY",6
"940","Fall River, MA",NA
"941","Fallon, NV",70
"942","Falls Church, MD",NA
"943","Falls Church, VA",2000
"944","Fallston, MD",100
"945","Falmouth, MA",NA
"946","Fargo, ND",NA
"947","Farmingdale, NY",NA
"948","Farmington, CT",180
"949","Farmington, MO",NA
"950","Farmington, NM",NA
"951","Farmville, VA",80
"952","Farrell, PA",NA
"953","Fayetteville, AR",NA
"954","Fayetteville, NC",NA
"955","Fayetteville, WV",40
"956","Federal Way, WA",200
"957","Felton, CA",NA
"958","Fergus Falls, MN",150
"959","Ferguson, MO",NA
"960","Ferndale, MI",1100
"961","Ferndale, WA",NA
"962","Ferrisburgh, VT",NA
"963","Festus, MO",200
"964","Findlay, OH",NA
"965","Fircrest, WA",NA
"966","Fishers, IN",300
"967","Fitchburg, MA",1000
"968","Flagstaff, AZ",NA
"969","Fleetwood, PA",54
"970","Flemington, NJ",70
"971","Flint, MI",NA
"972","Flora, IL",NA
"973","Floral Park, NY",100
"974","Florence, AL",NA
"975","Florence, MA",NA
"976","Florence, OR",NA
"977","Florence, SC",825
"978","Floresville, TX",NA
"979","Florissant, MO",NA
"980","Flossmoor, IL",200
"981","Flower Mound, TX",NA
"982","Floyd, VA",24
"983","Flushing, MI",300
"984","Folsom, CA",200
"985","Folsom, PA",NA
"986","Fond du Lac, WI",NA
"987","Fontana, CA",200
"988","Ford Mill, SC",NA
"989","Ford Wayne, IN",NA
"990","Forest City, IA",NA
"991","Forest Grove, OR",NA
"992","Forest Lake, MN",300
"993","Fort Bragg, CA",150
"994","Fort Bragg, NC",NA
"995","Fort Collins, CO",NA
"996","Fort Dodge, IA",100
"997","Fort Edward, NY",NA
"998","Fort Kent, ME",50
"999","Fort Lauderdale, FL",NA
"1000","Fort Mill, SC",1000
"1001","Fort Mitchell, KY",200
"1002","Fort Monroe, VA",200
"1003","Fort Myers, FL",NA
"1004","Fort Payne, AL",40
"1005","Fort Pierce, FL",200
"1006","Fort Plain, NY",12
"1007","Fort Smith, AR",NA
"1008","Fort Walton Beach, FL",NA
"1009","Fort Washington, CA",350
"1010","Fort Washington, PA",325
"1011","Fort Wayne, IN",NA
"1012","Fort Worth, TX",NA
"1013","Fortuna, CA",300
"1014","Fostoria, OH",24
"1015","Fountain Hills, AZ",52.5
"1016","Fox Point, WI",150
"1017","Foxboro, MA",100
"1018","Framingham, MA",NA
"1019","Frankford, DE",25
"1020","Frankfort, KY",NA
"1021","Franklin Park, PA",100
"1022","Franklin Square, NY",24
"1023","Franklin, KY",NA
"1024","Franklin, NJ",200
"1025","Franklin, PA",80
"1026","Franklin, TN",NA
"1027","Franklin, VA",NA
"1028","Franklinville, NJ",NA
"1029","Franklinville, NY",NA
"1030","Frankton, IN",100
"1031","Fraser, CO",40
"1032","Frazier Park, CA",NA
"1033","Frederick, MD",NA
"1034","Fredericksburg, TX",5
"1035","Fredericksburg, VA",NA
"1036","Freeburg, IL",300
"1037","Freehold, NJ",168
"1038","Freemont, CA",500
"1039","Freeport, IL",200
"1040","Freeport, NY",199.333333333333
"1041","Freeport, TX",200
"1042","Fremont, CA",NA
"1043","Fremont, NE",NA
"1044","Fremont, OH",200
"1045","Fresno, CA",NA
"1046","Friday Harbor, WA",350
"1047","Fridley, MN",6
"1048","Friendswood, TX",300
"1049","Frisco, TX",NA
"1050","Front Royal, VA",200
"1051","Frontenac, MO",1000
"1052","Frostburg, MD",NA
"1053","Fryeburg, ME",15
"1054","Fullerton, CA",941.666666666667
"1055","Fulton, MO",84.6666666666667
"1056","Gadsden County, FL",200
"1057","Gadsden, AL",NA
"1058","Gaffney, SC",NA
"1059","Gahanna, OH",NA
"1060","Gainesville, FL",NA
"1061","Gainesville, GA",NA
"1062","Gainesville, TX",15
"1063","Gainesville, VA",500
"1064","Gaithersberg, MD",200
"1065","Gaithersburg, MD",NA
"1066","Galax, VA",70
"1067","Galesburg, IL",NA
"1068","Gallipolis, OH",200
"1069","Galloway, NJ",36
"1070","Gallup, NM",NA
"1071","Galveston, TX",NA
"1072","Garberville, CA",100
"1073","Garden City, KS",600
"1074","Garden City, NY",NA
"1075","Gardena, CA",100
"1076","Gardner, KS",225
"1077","Gardner, MA",1000
"1078","Garrettsville, OH",NA
"1079","Gary, IN",NA
"1080","Gastonia, NC",NA
"1081","Gaylord, MI",100
"1082","Geneseo, NY",100
"1083","Geneva, IL",100
"1084","Geneva, NY",150
"1085","Georgetown, IL",60
"1086","Georgetown, KY",24
"1087","Georgetown, SC",91.3333333333333
"1088","Georgetown, TX",NA
"1089","Germantown, MD",NA
"1090","Germantown, OH",24
"1091","Germantown, TN",26
"1092","Gettysburg, PA",NA
"1093","Gettysburg, SD",NA
"1094","Gibson City, IL",100
"1095","Gifford, FL",NA
"1096","Gig Harbor, WA",NA
"1097","Gilbert, AZ",NA
"1098","Gillette, WY",NA
"1099","Gilroy, CA",200
"1100","Gladwin, MI",88
"1101","Glasgow, KY",200
"1102","Glassboro, NJ",NA
"1103","Glastonbury, CT",NA
"1104","Glen Cove, NY",1000
"1105","Glen Ellyn, IL",350
"1106","Glen Ridge, NJ",100
"1107","Glenarden, MD",NA
"1108","Glendale, CA",NA
"1109","Glendale, MO",100
"1110","Glendora, CA",100
"1111","Glenolden, PA",200
"1112","Glens Falls, NY",681.666666666667
"1113","Glenshaw, PA",85
"1114","Glenview, IL",315
"1115","Glenwood Springs, CO",85
"1116","Gloucester City, NJ",NA
"1117","Gloucester, MA",185.666666666667
"1118","Gloucester, VA",NA
"1119","Golden, CO",200
"1120","Goldsboro, NC",300
"1121","Gonzales, LA",NA
"1122","Gorham, ME",400
"1123","Gorham, NH",50
"1124","Goshen, IN",NA
"1125","Goshen, NY",NA
"1126","Grafton, MA",100
"1127","Grafton, WI",300
"1128","Graham, NC",NA
"1129","Granbury, TX",150
"1130","Granby, CT",NA
"1131","Grand Blanc, MI",350
"1132","Grand Chute, WI",50
"1133","Grand Forks, ND",NA
"1134","Grand Island, NE",NA
"1135","Grand Junction, CO",NA
"1136","Grand Marais, MN",NA
"1137","Grand Prairie, TX",NA
"1138","Grand Rapids, MI",NA
"1139","Grandview, MO",NA
"1140","Grandview, WA",41
"1141","Granite Falls, WA",NA
"1142","Grants Pass, OR",NA
"1143","Granville, OH",250
"1144","Grasonville, MD",NA
"1145","Grass Valley, CA",30
"1146","Grayslake, IL",400
"1147","Grayson, KY",NA
"1148","Grayton Beach, FL",NA
"1149","Great Barrington, MA",1166.66666666667
"1150","Great Bend, KS",40
"1151","Great Falls, MT",350
"1152","Great Neck Estates, NY",700
"1153","Greece, NY",NA
"1154","Greeley, CO",300
"1155","Green Bay, MN",NA
"1156","Green Bay, WI",NA
"1157","Green Valley, AZ",NA
"1158","Greencastle, IN",70
"1159","Greencastle, PA",NA
"1160","Greeneville, TN",NA
"1161","Greenfield, IN",NA
"1162","Greenfield, MA",NA
"1163","Greenlawn, NY",NA
"1164","Greensboro, NC",NA
"1165","Greensburg, PA",NA
"1166","Greenville, KY",NA
"1167","Greenville, MS",NA
"1168","Greenville, NC",NA
"1169","Greenville, NY",150
"1170","Greenville, PA",NA
"1171","Greenville, SC",NA
"1172","Greenville, TX",200
"1173","Greenwich, CT",295
"1174","Greenwich, NY",NA
"1175","Greenwood Village, CO",NA
"1176","Greenwood, IN",500
"1177","Greenwood, MS",100
"1178","Greenwood, SC",100
"1179","Gresham, OR",NA
"1180","Griffith, IN",NA
"1181","Griswold, CT",100
"1182","Grosse Ile, MI",NA
"1183","Grosse Point Woods, MI",100
"1184","Grosse Point, MI",150
"1185","Grosse Pointe City, MI",42
"1186","Groton, CT",1000
"1187","Grottoes, VA",38
"1188","Grove City, OH",NA
"1189","Grove City, PA",127.5
"1190","Grove, OK",150
"1191","Grovetown, GA",50
"1192","Grundy Center, IA",NA
"1193","Guilford, CT",NA
"1194","Guilford, ME",1700
"1195","Gulfport, FL",40
"1196","Gulfport, MS",NA
"1197","Gunnison, CO",250
"1198","Gustine, CA",NA
"1199","Hackensack, NJ",NA
"1200","Hackettstown, NJ",50
"1201","Haddam Killingworth, CT",NA
"1202","Haddonfield, NJ",300
"1203","Hagåtña, GU",NA
"1204","Hagerstown, MD",27
"1205","Hailey, ID",800
"1206","Haines City, FL",100
"1207","Haines, AK",150
"1208","Halethorpe, MD",104
"1209","Half Moon Bay, CA",NA
"1210","Hamburg, PA",250
"1211","Hamden, CT",NA
"1212","Hamilton, MT",237.5
"1213","Hamilton, NJ",50
"1214","Hamilton, NY",200
"1215","Hamilton, OH",NA
"1216","Hammond, IN",NA
"1217","Hammond, LA",NA
"1218","Hampton, NH",200
"1219","Hampton, VA",NA
"1220","Hanalei, HI",400
"1221","Hancock, MI",NA
"1222","Hanford, CA",350
"1223","Hannibal, MO",NA
"1224","Hanover, NH",NA
"1225","Hanover, PA",152.333333333333
"1226","Happy Valley, OR",2000
"1227","Hardy, VA",12
"1228","Harlan, KY",100
"1229","Harlingen, TX",62.5
"1230","Harper Woods, MI",NA
"1231","Harrisburg, NC",NA
"1232","Harrisburg, PA",NA
"1233","Harrison, AR",NA
"1234","Harrisonburg, VA",741.333333333333
"1235","Harrisville, MI",100
"1236","Harrodsburg, KY",NA
"1237","Hartford, CT",NA
"1238","Hartwell, GA",NA
"1239","Harvard, NE",50
"1240","Harvey, LA",NA
"1241","Harwich, MA",200
"1242","Hasbrouck Heights, NJ",200
"1243","Hastings, NE",12
"1244","Hattiesburg, MS",NA
"1245","Haughton, LA",30
"1246","Hauppauge, NY",80
"1247","Haverhill, MA",NA
"1248","Havertown, PA",2000
"1249","Haviland, KS",50
"1250","Havre de Grace, MD",200
"1251","Havre, MT",100
"1252","Hawley, PA",200
"1253","Hawthorne, NJ",200
"1254","Hays, KS",100
"1255","Hayward, CA",NA
"1256","Hayward, WI",90
"1257","Hazard, KY",NA
"1258","Hazlet, NJ",101.5
"1259","Hazleton, PA",NA
"1260","Healdburg, CA",200
"1261","Healdsburg, CA",NA
"1262","Healy, AK",50
"1263","Hebron, CT",NA
"1264","Helena, MT",NA
"1265","Hellertown, PA",NA
"1266","Hemet, CA",250
"1267","Hempstead, NY",NA
"1268","Henderson, KY",NA
"1269","Henderson, NC",NA
"1270","Hendersonville, NC",258.333333333333
"1271","Henrico, VA",1000
"1272","Henryville, IN",50
"1273","Hermiston, OR",55
"1274","Hermitage, PA",NA
"1275","Hernando, MS",13
"1276","Herndon, VA",800
"1277","Herrin, IL",200
"1278","Hershey, PA",150
"1279","Hewlett, NY",74.3333333333333
"1280","Hiawassee, GA",50
"1281","Hibbing, MN",NA
"1282","Hickory, NC",NA
"1283","High Point, NC",NA
"1284","Highland Falls, NY",300
"1285","Highland Park, IL",NA
"1286","Highland Park, MI",600
"1287","Highland Park, NJ",1000
"1288","Highland, CA",400
"1289","Highland, IL",NA
"1290","Highland, IN",NA
"1291","Highstown, NJ",100
"1292","Hightstown, NJ",NA
"1293","Hilliard, OH",NA
"1294","Hillsboro, OH",200
"1295","Hillsboro, OR",NA
"1296","Hillsborough, NC",200
"1297","Hillsborough, NJ",NA
"1298","Hillsdale, MI",100
"1299","Hillside, NJ",NA
"1300","Hilo, HI",NA
"1301","Hinesburg, VT",300
"1302","Hinesville, GA",NA
"1303","Hingham, MA",5
"1304","Hinsdale, IL",NA
"1305","Hitchcock, TX",NA
"1306","Hobart, IN",NA
"1307","Hobe Sound, FL",200
"1308","Hoboken, NJ",2000
"1309","Holbrook, MA",NA
"1310","Holden, MA",NA
"1311","Holland, MI",1266.66666666667
"1312","Holland, OH",12
"1313","Hollidaysburg, PA",200
"1314","Hollister, CA",1000
"1315","Holly Springs, MS",NA
"1316","Holly Springs, NC",150
"1317","Hollywood, CA",2000
"1318","Hollywood, FL",NA
"1319","Holyoke, MA",1000
"1320","Homer, AK",NA
"1321","Homer, NY",70
"1322","Homestead, FL",200
"1323","Homewood, AL",200
"1324","Homewood, IL",300
"1325","Hondo, TX",NA
"1326","Honesdale, PA",200
"1327","Honesville, NY",200
"1328","Honolulu, HI",NA
"1329","Hood River, OR",NA
"1330","Hood Rivier, OR",550
"1331","Hoosick Falls, NY",24
"1332","Hoover, AL",94.4
"1333","Hopatcong, NJ",NA
"1334","Hopewell, NJ",NA
"1335","Hopkinsville, KY",NA
"1336","Hopkinton, MA",200
"1337","Hornell, NY",150
"1338","Horsham, PA",206
"1339","Hot Springs, AR",NA
"1340","Houghton, MI",NA
"1341","Houlton, ME",60
"1342","Houma, LA",83
"1343","Houston, TX",NA
"1344","Howe, TX",1
"1345","Howell, MI",106
"1346","Huber Heights, OH",350
"1347","Hudson, NY",166.666666666667
"1348","Hudson, OH",24
"1349","Humboldt, TN",75
"1350","Hummelstown, PA",150
"1351","Huntingdon, PA",NA
"1352","Huntington Beach, CA",NA
"1353","Huntington Station, NY",NA
"1354","Huntington Woods, MI",700
"1355","Huntington, IN",100
"1356","Huntington, NA",24
"1357","Huntington, NY",NA
"1358","Huntington, WV",200
"1359","Huntley, IL",NA
"1360","Huntsville, AL",NA
"1361","Huntsville, TX",NA
"1362","Huron, MI",200
"1363","Hutchinson, KS",NA
"1364","Hutto, TX",NA
"1365","Hyannis, MA",75
"1366","Hyattsville, MD",NA
"1367","Idaho Falls, ID",NA
"1368","Immokalee, FL",NA
"1369","Imperial Beach, CA",NA
"1370","Indiana, PA",485
"1371","Indianapolis, IA",300
"1372","Indianapolis, IN",NA
"1373","Indianola, MS",NA
"1374","Indiantown, FL",75
"1375","Indio, CA",40
"1376","Inglewood, CA",NA
"1377","Ionia, MI",12
"1378","Iowa City, IA",NA
"1379","Iron Mountain, MI",50
"1380","Ironwood, MI",NA
"1381","Irvine, CA",NA
"1382","Irwin, PA",250
"1383","Islip, NY",200
"1384","Issaquah, WA",NA
"1385","Ithaca, NY",NA
"1386","Itta Bena, MS",60
"1387","Jackson, MI",40
"1388","Jackson, MS",NA
"1389","Jackson, NJ",NA
"1390","Jackson, TN",153
"1391","Jackson, WY",NA
"1392","Jacksonville Beach, FL",200
"1393","Jacksonville, AL",24
"1394","Jacksonville, AR",36
"1395","Jacksonville, FL",NA
"1396","Jacksonville, IL",50
"1397","Jacksonville, NC",NA
"1398","Jacksonville, TX",200
"1399","Jamaica, NY",2000
"1400","Jamestown, ND",20
"1401","Jamestown, NY",NA
"1402","Jamestown, RI",50
"1403","Janesville, WI",24.6666666666667
"1404","Jasper, AL",NA
"1405","Jasper, IN",200
"1406","Jasper, TX",NA
"1407","Jeanette, PA",150
"1408","Jeannette, PA",40
"1409","Jefferson City, MO",NA
"1410","Jefferson, GA",75
"1411","Jefferson, TX",60
"1412","Jefferson, WI",35
"1413","Jeffersonville, GA",50
"1414","Jeffersonville, IN",NA
"1415","Jenison, MI",NA
"1416","Jenkintown, PA",NA
"1417","Jensen Beach, FL",NA
"1418","Jericho, VT",NA
"1419","Jersey City, NJ",NA
"1420","Jerseyville, IL",200
"1421","Jesup, GA",100
"1422","Jim Thorpe, PA",9
"1423","John Day, OR",100
"1424","Johnson City, TN",NA
"1425","Johnstown, PA",125
"1426","Joliet, IL",NA
"1427","Jonesboro, AR",NA
"1428","Jonesboro, GA",NA
"1429","Jonesborough, GA",NA
"1430","Joplin, MO",NA
"1431","Joshua Tree, CA",NA
"1432","Julian, CA",51
"1433","Junction City, KS",26
"1434","Juneau, AK",325
"1435","Jupiter Farms, FL",68
"1436","Jupiter, FL",130
"1437","Kahului, HI",125
"1438","Kailua-Kona, HI",NA
"1439","Kailua, HI",24
"1440","Kalamazoo, MI",NA
"1441","Kalispell, MT",425
"1442","Kanab, UT",100
"1443","Kane, PA",100
"1444","Kankakee, IL",200
"1445","Kansas City, KS",NA
"1446","Kansas City, MO",NA
"1447","Kansasville, WI",24
"1448","Kapolei, HI",NA
"1449","Kasson, MI",NA
"1450","Katonah, NY",NA
"1451","Katy, TX",3000
"1452","Keansburg, NJ",200
"1453","Kearney, NE",30
"1454","Keene, NH",NA
"1455","Keller, TX",3000
"1456","Kelso, WA",60
"1457","Kenly, NC",200
"1458","Kennebunk, ME",NA
"1459","Kennesaw, GA",NA
"1460","Kennett Square, PA",1000
"1461","Kennewick, WA",NA
"1462","Kenosha, WI",NA
"1463","Kent, CT",NA
"1464","Kent, OH",NA
"1465","Keokuk, IA",NA
"1466","Kerrville, TX",NA
"1467","Ketchikan, AK",103
"1468","Ketchum, ID",450
"1469","Kettering, OH",200
"1470","Kewanee, IL",NA
"1471","Kewaunee, WI",12.6666666666667
"1472","Key Largo, FL",NA
"1473","Key West, FL",NA
"1474","Keyser, WV",NA
"1475","Keystone, SD",NA
"1476","Kiel, WI",100
"1477","Kilgore, TX",24
"1478","Killeen, TX",NA
"1479","Killingly, CT",NA
"1480","Kilmarnock, VA",300
"1481","Kinderhook, NY",NA
"1482","King George, VA",NA
"1483","King of Prussia, PA",106
"1484","King, NC",200
"1485","Kingman, AZ",24
"1486","Kingston, NY",NA
"1487","Kingston, PA",27
"1488","Kingsville, TX",200
"1489","Kinston, NC",200
"1490","Kirkland, WA",NA
"1491","Kirksville, MO",200
"1492","Kirkwood, MO",933.333333333333
"1493","Kissimmee, FL",500
"1494","Kittanning, PA",NA
"1495","Klamath Falls, OR",NA
"1496","Knightdale, NC",100
"1497","Knoxville, TN",NA
"1498","Kodiak, AK",5
"1499","Kokomo, IN",NA
"1500","Kotzebue, AK",30
"1501","Kremmling, CO",6
"1502","Kresgeville, PA",NA
"1503","Kutztown, PA",200
"1504","La Center, WA",50
"1505","La Conner, WA",NA
"1506","La Crosse, WI",NA
"1507","La Grande, OR",NA
"1508","La Grange, IL",375
"1509","La Habra, CA",200
"1510","La Marque, TX",NA
"1511","La Mesa, CA",323
"1512","La Plata, MD",NA
"1513","La Porte, IN",200
"1514","La Porte, TX",NA
"1515","La Puente, CA",100
"1516","La Quinta, CA",55
"1517","La Salle, IL",NA
"1518","La Verne, CA",475
"1519","Laconia, NH",NA
"1520","LaCrosse, WI",NA
"1521","Ladue, MO",250
"1522","Lafayette Hill, PA",262.5
"1523","Lafayette, CA",NA
"1524","Lafayette, CO",NA
"1525","Lafayette, IA",400
"1526","Lafayette, IN",NA
"1527","Lafayette, LA",NA
"1528","LaGrange, GA",NA
"1529","LaGrange, KY",5
"1530","Laguna Beach, CA",250
"1531","Laguna Niguel, CA",212
"1532","Laguna Woods, CA",NA
"1533","Lake Arthur, LA",150
"1534","Lake Buena Vista, FL",NA
"1535","Lake Charles, LA",NA
"1536","Lake City, FL",NA
"1537","Lake Elsinore, CA",100
"1538","Lake Forest, CA",NA
"1539","Lake Forest, IL",200
"1540","Lake Forest, WA",NA
"1541","Lake Havasu City, CA",175
"1542","Lake Havasu, AZ",NA
"1543","Lake Mills, WI",NA
"1544","Lake Orion, MI",200
"1545","Lake Oswego, OR",NA
"1546","Lake Placid, NY",NA
"1547","Lake Station, IN",NA
"1548","Lake Stevens, WA",200
"1549","Lake Worth Beach, FL",40
"1550","Lake Worth, FL",250
"1551","Lakeland, FL",1100
"1552","Lakeview, OR",30
"1553","Lakewood, CA",300
"1554","Lakewood, NJ",200
"1555","Lakewood, OH",NA
"1556","Lambertville, MI",300
"1557","Lambertville, NJ",NA
"1558","Lampasas, TX",NA
"1559","Lancaster Township, PA",NA
"1560","Lancaster, CA",NA
"1561","Lancaster, OH",NA
"1562","Lancaster, PA",NA
"1563","Lander, WY",NA
"1564","Landover, MD",NA
"1565","Lansdale, PA",NA
"1566","Lansdowne, PA",1000
"1567","Lansford, PA",12
"1568","Lansing, MI",NA
"1569","Lapeer, MI",NA
"1570","LaPlace, LA",NA
"1571","Laramie, WY",NA
"1572","Laredo, TX",NA
"1573","Largo, FL",NA
"1574","Larkspur, CA",NA
"1575","Las Cruces, NM",NA
"1576","Las Vegas, NV",NA
"1577","Lathrop, CA",NA
"1578","Latrobe, PA",100
"1579","Lauderhill, FL",NA
"1580","Laurel, MD",2000
"1581","Laurel, MS",NA
"1582","Laurinburg, NC",NA
"1583","Lawrence, KS",NA
"1584","Lawrence, MA",NA
"1585","Lawrenceville, GA",500
"1586","Lawrenceville, VA",125
"1587","Lawton, OK",NA
"1588","Le Mars, IA",NA
"1589","League City, TX",NA
"1590","Leavenworth, KS",80
"1591","Leavenworth, WA",1300
"1592","Lebanon, OH",200
"1593","Lebanon, OR",216.666666666667
"1594","Lebanon, PA",NA
"1595","Lebanon, VA",50
"1596","Lebec, CA",NA
"1597","Ledyard, CT",NA
"1598","Lee's Summit, MO",NA
"1599","Leesburg, FL",300
"1600","Leesburg, VA",1500
"1601","Leesville, LA",NA
"1602","Lehigh Acres, FL",20
"1603","Lehighton, PA",23
"1604","Leitchfield, KY",100
"1605","Lemoore, CA",200
"1606","Lenoir, NC",NA
"1607","Leominster, MA",200
"1608","Leonardtown, MD",2250
"1609","Levelland, TX",15
"1610","Levittown, NY",24
"1611","Levittown, PA",50
"1612","Lewisburg, PA",NA
"1613","Lewisburg, WV",NA
"1614","Lewiston, ID",NA
"1615","Lewiston, ME",NA
"1616","Lewistown, PA",NA
"1617","Lewisville, TX",NA
"1618","Lexington, KY",NA
"1619","Lexington, MA",NA
"1620","Lexington, NC",NA
"1621","Lexington, VA",200
"1622","Libby, MT",NA
"1623","Liberal, KS",100
"1624","Liberty, OH",50
"1625","Lidenhurst, NY",200
"1626","Lihue, HI",NA
"1627","Lima, OH",NA
"1628","Lincoln Park, MI",600
"1629","Lincoln, NE",NA
"1630","Linden, NJ",NA
"1631","Lisbon, OH",3
"1632","Litchfield, CT",300
"1633","Lititz, PA",200
"1634","Little Elm, TX",NA
"1635","Little Rock, AR",NA
"1636","Littleton, NH",NA
"1637","Livermore, CA",NA
"1638","Livingston Manor, NY",NA
"1639","Livingston, NJ",162.5
"1640","Livonia, MI",446.6
"1641","Lock Haven, PA",166.666666666667
"1642","Lockhart, TX",100
"1643","Lockport, NY",24
"1644","Lodi, CA",NA
"1645","Logan, UT",100
"1646","Logan, WV",30
"1647","Lompoc, CA",NA
"1648","London, KY",NA
"1649","Londonderry, NH",250
"1650","Long Beach Island, NJ",733
"1651","Long Beach, CA",NA
"1652","Long Beach, NY",1100
"1653","Long Beach, WA",70
"1654","Long Branch, NJ",NA
"1655","Long Island City, NY",200
"1656","Longmeadow, MA",NA
"1657","Longmont, CO",NA
"1658","Longmount, CO",100
"1659","Longs, SC",28
"1660","Longview, MI",80
"1661","Longview, TX",NA
"1662","Longview, WA",51.2
"1663","Loomis, CA",90
"1664","Lopez Island, WA",250
"1665","Lorain, OH",NA
"1666","Los Alamitos, CA",100
"1667","Los Alamos, NM",NA
"1668","Los Altos, CA",NA
"1669","Los Angeles, CA",NA
"1670","Los Angeles, LA",24
"1671","Los Banos, CA",100
"1672","Los Gatos, CA",NA
"1673","Los Vegas, NV",100
"1674","Louisa, VA",52
"1675","Louisiana, MO",24
"1676","Louisville, KY",NA
"1677","Loveland, CO",64
"1678","Lowell, IN",NA
"1679","Lowell, MA",NA
"1680","Lower Makefield, PA",150
"1681","Lower Providence, PA",NA
"1682","Lowville, NY",200
"1683","Lubbock, TX",NA
"1684","Ludington, MI",30
"1685","Ludlow, MA",100
"1686","Ludlow, VT",40
"1687","Ludowici, GA",NA
"1688","Lufkin, TX",NA
"1689","Lula, GA",12
"1690","Lumberton, NC",NA
"1691","Lunenburg, MA",NA
"1692","Luray, VA",NA
"1693","Lykens, PA",NA
"1694","Lyle, OR",NA
"1695","Lyle, WA",30
"1696","Lyme, CT",NA
"1697","Lynchburg, VA",181.333333333333
"1698","Lynn Haven, FL",NA
"1699","Lynn, MA",NA
"1700","Lynnfield, MA",600
"1701","Lynnwood, CA",100
"1702","Lynnwood, WA",400
"1703","Lyons, CO",20
"1704","Lyons, NY",200
"1705","Machias, ME",100
"1706","Mackinac Island, MI",NA
"1707","Macomb, IL",NA
"1708","Macon, GA",NA
"1709","Madera, CA",200
"1710","Madison, AL",150
"1711","Madison, CT",NA
"1712","Madison, MS",NA
"1713","Madison, NJ",NA
"1714","Madison, TN",12
"1715","Madison, WI",NA
"1716","Madisonville, KY",60
"1717","Magdalena, NM",24
"1718","Maggie Valley, NC",89.3333333333333
"1719","Mahomet, IL",12
"1720","Malibu, CA",200
"1721","Malvern, PA",NA
"1722","Malverne, NY",500
"1723","Mamaroneck, NY",24
"1724","Manassas, VA",NA
"1725","Manchester, CT",NA
"1726","Manchester, MD",NA
"1727","Manchester, NH",NA
"1728","Manchester, NJ",200
"1729","Manchester, VT",NA
"1730","Manhattan Beach, CA",290
"1731","Manhattan, KS",NA
"1732","Manheim, PA",NA
"1733","Manitowoc, WI",NA
"1734","Mankato, MN",NA
"1735","Manlius, NY",300
"1736","Mansfield, LA",NA
"1737","Mansfield, MA",300
"1738","Mansfield, OH",NA
"1739","Mansfield, PA",NA
"1740","Mansfield, TX",NA
"1741","Manteca, CA",NA
"1742","Manteo, NC",500
"1743","Manzanita, OR",NA
"1744","Maple Valley, WA",NA
"1745","Maplewood, MN",NA
"1746","Maplewood, NJ",300
"1747","Maquoketa, IA",300
"1748","Marblehead, MA",875
"1749","Marco Island, FL",NA
"1750","Marfa, TX",NA
"1751","Maricopa, AZ",30
"1752","Marietta, GA",125
"1753","Marietta, OH",NA
"1754","Marietta, WV",NA
"1755","Marin City, CA",NA
"1756","Marina, CA",NA
"1757","Marine City, MI",NA
"1758","Marinette, WI",150
"1759","Marion, IA",75
"1760","Marion, IL",80
"1761","Marion, IN",47.3333333333333
"1762","Marion, NC",200
"1763","Marion, OH",NA
"1764","Marion, VA",NA
"1765","Marlborough, MA",60
"1766","Marple, PA",NA
"1767","Marquette, MI",NA
"1768","Marrero, LA",200
"1769","Mars, PA",NA
"1770","Marshall, MI",125
"1771","Marshall, MO",300
"1772","Marshall, NC",NA
"1773","Marshall, TX",NA
"1774","Marshalltown, IA",NA
"1775","Marshfield, MA",NA
"1776","Marshfield, WI",100
"1777","Martin, TN",20
"1778","Martinez, CA",NA
"1779","Martinsburg, WV",86.6666666666667
"1780","Martinsville, IN",NA
"1781","Marysville, OH",24
"1782","Maryville, MO",300
"1783","Maryville, TN",900
"1784","Mascoutah, IL",150
"1785","Mashpee, MA",500
"1786","Mason City, IA",27
"1787","Mason, OH",600
"1788","Massapequa, NY",NA
"1789","Massena, NY",75
"1790","Mathews, VA",175
"1791","Mattapoisett, MA",200
"1792","Matteson, IL",NA
"1793","Mattoon, IL",80
"1794","Maui, HI",NA
"1795","Maumee, OH",400
"1796","Maynard, MA",NA
"1797","Maysville, KY",300
"1798","Maywood, IL",NA
"1799","McAlester, OK",100
"1800","McAllen, TX",NA
"1801","McConnellsburg, PA",NA
"1802","McCook, NE",50
"1803","McDonough, GA",200
"1804","McHenry, IL",NA
"1805","McKees Rocks, PA",225
"1806","McKeesport, PA",100
"1807","McKinney, TX",NA
"1808","McMinnville, OR",NA
"1809","McMinnville, TN",NA
"1810","McPherson, KS",400
"1811","Meadville, PA",150
"1812","Mechanicsburg, PA",100
"1813","Mechanicville, NY",NA
"1814","Medford, OR",NA
"1815","Media, PA",1250
"1816","Medina, OH",333.333333333333
"1817","Memphis, TN",NA
"1818","Mendocino, CO",50
"1819","Mendon, MA",NA
"1820","Menlo Park, CA",NA
"1821","Menominee, MI",100
"1822","Menomonee Falls, WI",NA
"1823","Menomonie, WI",124.666666666667
"1824","Mentor, OH",NA
"1825","Merced, CA",NA
"1826","Mercer Island, WA",NA
"1827","Meriden, CT",1150
"1828","Meriden, NH",150
"1829","Meridian, MS",NA
"1830","Merillville, IN",NA
"1831","Merrick, NY",NA
"1832","Merrimac, MA",200
"1833","Merrimack, NH",200
"1834","Mesa, AZ",NA
"1835","Meshoppen, PA",NA
"1836","Mesquite, TX",NA
"1837","Metairie, LA",24
"1838","Methuen, MA",NA
"1839","Metropolis, IL",NA
"1840","Metuchen, NJ",NA
"1841","Mexico, MO",50
"1842","Miami Beach, FL",5
"1843","Miami Gardens, FL",NA
"1844","Miami Lakes, FL",67.5
"1845","Miami Shores, FL",200
"1846","Miami, FL",NA
"1847","Miami, OH",NA
"1848","Miami, OK",200
"1849","Miamisburg, OH",100
"1850","Michigan City, IN",200
"1851","Middle River, MD",NA
"1852","Middle Township, NJ",NA
"1853","Middlebury, VT",NA
"1854","Middleton, WI",200
"1855","Middletown, CT",NA
"1856","Middletown, DE",200
"1857","Middletown, NY",200
"1858","Middletown, OH",NA
"1859","Middletown, PA",150
"1860","Midland, MI",1200
"1861","Midland, PA",290
"1862","Midland, TX",NA
"1863","Midlothian, TX",NA
"1864","Midpines, CA",NA
"1865","Mifflinburg, PA",NA
"1866","Mifflintown, PA",18
"1867","Milan, TN",400
"1868","Milford, CT",200
"1869","Milford, DE",100
"1870","Milford, MA",400
"1871","Milford, NH",NA
"1872","Milford, PA",NA
"1873","Mill Valley, CA",NA
"1874","Millburn, NJ",150
"1875","Milledgeville, GA",NA
"1876","Millersville, PA",200
"1877","Millerton, NY",50.6666666666667
"1878","Millsboro, DE",24
"1879","Millville, NJ",75
"1880","Milton-Freewater, OR",40
"1881","Milton, MA",1133.33333333333
"1882","Milton, PA",200
"1883","Milton, VT",88
"1884","Milwaukee, WI",NA
"1885","Milwaukie, OR",500
"1886","Minden, LA",NA
"1887","Minden, NV",164
"1888","Mineola, NY",648.5
"1889","Minerva, OH",NA
"1890","Minneapolis, MI",NA
"1891","Minneapolis, MN",NA
"1892","Minot, ND",NA
"1893","Miramar, FL",600
"1894","Mishawaka, IN",NA
"1895","Mishawaka, NA",100
"1896","Mission Hills, CA",NA
"1897","Missoula, MT",NA
"1898","Mitchell, SD",NA
"1899","Mlwaukee, WI",500
"1900","Moab, UT",NA
"1901","Moberly, MO",100
"1902","Mobile, AL",NA
"1903","Modesto, CA",NA
"1904","Molalla, OR",NA
"1905","Moline, IL",NA
"1906","Monessen, PA",12
"1907","Monett, MO",NA
"1908","Monmouth, IL",NA
"1909","Monmouth, ME",45
"1910","Monmouth, OR",NA
"1911","Monroe Township, NJ",200
"1912","Monroe, CT",500
"1913","Monroe, GA",NA
"1914","Monroe, LA",NA
"1915","Monroe, NC",NA
"1916","Monroe, NY",NA
"1917","Monroe, WA",200
"1918","Monroeville, PA",142.5
"1919","Monrovia, CA",NA
"1920","Monson, MA",200
"1921","Mont Belvieu, TX",30
"1922","Montague, MA",185
"1923","Montague, MI",NA
"1924","Montclair, NJ",NA
"1925","Montebello, CA",100
"1926","Monterey, CA",NA
"1927","Montevideo, MN",50
"1928","Montgomery Township, PA",NA
"1929","Montgomery, AL",NA
"1930","Montgomery, NY",362.5
"1931","Montgomery, PA",NA
"1932","Montgomery, WI",92
"1933","Monticello, AR",NA
"1934","Monticello, IL",500
"1935","Monticello, NY",NA
"1936","Montoursville, PA",100
"1937","Montpelier, VT",NA
"1938","Montrose, CO",NA
"1939","Montross, VA",100
"1940","Montville, NJ",NA
"1941","Mooresville, NC",600
"1942","Moorpark, CA",NA
"1943","Moraga, CA",NA
"1944","Morehead City, NC",22
"1945","Morehead, KY",200
"1946","Moreno Valley, CA",200
"1947","Morgan Hill, CA",NA
"1948","Morganton, NC",NA
"1949","Morgantown, PA",22
"1950","Morgantown, WV",114
"1951","Morris Plains, NJ",NA
"1952","Morris, IL",150
"1953","Morrison, CO",1
"1954","Morristown, NJ",166.666666666667
"1955","Morristown, TN",100
"1956","Morrisville, VT",NA
"1957","Morro Bay, CA",200
"1958","Morton Grove, IL",200
"1959","Moscow, ID",100
"1960","Moses Lake, WA",140
"1961","Moulton, AL",NA
"1962","Moultrie, GA",NA
"1963","Mount Airy, NC",NA
"1964","Mount Clemens, MI",NA
"1965","Mount Dora, FL",300
"1966","Mount Healthy, OH",NA
"1967","Mount Holly, NC",50
"1968","Mount Holly, NJ",80
"1969","Mount Juliet, TN",150
"1970","Mount Pleasant, MI",200
"1971","Mount Pleasant, PA",100
"1972","Mount Pleasant, SC",200
"1973","Mount Pocono, PA",NA
"1974","Mount Shasta, CA",200
"1975","Mount Vernon, IA",24
"1976","Mount Vernon, IL",50
"1977","Mount Vernon, ME",32.6666666666667
"1978","Mount Vernon, NY",NA
"1979","Mount Vernon, OH",356.666666666667
"1980","Mount Vernon, WA",115
"1981","Mountain Brook, AL",NA
"1982","Mountain Home, AR",60
"1983","Mountain House, CA",300
"1984","Mountain View, CA",NA
"1985","Mountlake Terrace, WA",NA
"1986","Mukilteo, WA",225
"1987","Muncie, IN",701.428571428571
"1988","Munster, IN",NA
"1989","Murfreesboro, TN",NA
"1990","Murphy, NC",450
"1991","Murray, KY",228.666666666667
"1992","Murrysville, PA",200
"1993","Muscatine, IA",50
"1994","Muskegon, MI",NA
"1995","Muskogee, OK",NA
"1996","Myrtle Beach, SC",NA
"1997","Mystic, CT",NA
"1998","Nacogdoches, TX",NA
"1999","Nanakuli, HI",200
"2000","Nancy, KY",NA
"2001","Nantucket, MA",NA
"2002","Nanuet, NY",300
"2003","Napa, CA",NA
"2004","Naperville, IL",NA
"2005","Naples, FL",NA
"2006","Naples, ME",50
"2007","Naples, NY",50
"2008","Narberth, PA",NA
"2009","Narragansett, RI",350
"2010","Narrowsburg, NY",NA
"2011","Nashua, NH",750
"2012","Nashville, TN",NA
"2013","Nashwauk, MN",NA
"2014","Nassau, NY",NA
"2015","Natchez, MS",NA
"2016","Natchitoches, LA",NA
"2017","National Harbor, MD",NA
"2018","Naugatuck, CT",1000
"2019","Navarre, FL",NA
"2020","Nazareth, PA",NA
"2021","Nebraska City, NE",6
"2022","Neenah, WI",NA
"2023","Neptune City, NJ",NA
"2024","Nevada City, CA",50
"2025","New Albany, IN",200
"2026","New Albany, MS",200
"2027","New Athens, IL",40
"2028","New Bedford, MA",75
"2029","New Bern, NC",NA
"2030","New Bloomfield, PA",82.5
"2031","New Braunfels, TX",200
"2032","New Britain, CT",NA
"2033","New Brunswick, NJ",NA
"2034","New Canaan, CT",NA
"2035","New Carlisle, OH",100
"2036","New Castle, PA",137.5
"2037","New City, NY",165
"2038","New Cumberland, PA",NA
"2039","New Haven, CT",NA
"2040","New Haven, MI",225
"2041","New Hope, PA",25
"2042","New Iberia, LA",NA
"2043","New Kensington, PA",300
"2044","New Lenox, IL",900
"2045","New London, CT",NA
"2046","New London, MN",11.5
"2047","New Orleans, LA",NA
"2048","New Orleans, NY",300
"2049","New Paltz, NY",200
"2050","New Philadelphia, OH",125
"2051","New Port Richey, FL",NA
"2052","New Providence, NJ",300
"2053","New Rochelle, NY",NA
"2054","New Smyrna Beach, FL",NA
"2055","New Town, ND",11
"2056","New Town, VA",100
"2057","New York, NY",NA
"2058","Newark, CA",NA
"2059","Newark, DE",200
"2060","Newark, NJ",NA
"2061","Newark, OH",NA
"2062","Newberg, OR",NA
"2063","Newberry, SC",200
"2064","Newburgh, NY",NA
"2065","Newburyport, MA",NA
"2066","Newcastle, ME",NA
"2067","Newcastle, WA",62
"2068","Newington, CT",200
"2069","Newland, NC",14
"2070","Newnan, GA",NA
"2071","Newport Beach, CA",NA
"2072","Newport News, VA",NA
"2073","Newport, KY",NA
"2074","Newport, OR",200
"2075","Newport, RI",NA
"2076","Newport, TN",100
"2077","Newport, VT",74.6666666666667
"2078","Newry, PA",NA
"2079","Newton, IA",NA
"2080","Newton, KS",75
"2081","Newton, MA",NA
"2082","Newton, NC",200
"2083","Newton, NJ",NA
"2084","Newtown, CT",NA
"2085","Newtown, PA",NA
"2086","Niagara Falls, NY",61.5
"2087","Nipomo, CA",150
"2088","Niskayuna, NY",40
"2089","Nogales, AZ",NA
"2090","Norco, CA",57
"2091","Norfolk, NE",225
"2092","Norfolk, VA",NA
"2093","Normal, IL",125
"2094","Norman, OK",NA
"2095","Normandy Park, WA",102
"2096","Norristown, PA",NA
"2097","North Adams, MA",175
"2098","North Andover, MA",NA
"2099","North Augusta, SC",200
"2100","North Bend, WA",450
"2101","North Bergen, NJ",NA
"2102","North Brunswick, NJ",NA
"2103","North Canton, OH",NA
"2104","North Charleston, SC",NA
"2105","North Conway Village, NH",36
"2106","North Conway, NH",NA
"2107","North East, MD",NA
"2108","North Haven, CT",NA
"2109","North Hempstead, NY",700
"2110","North Kingstown, RI",300
"2111","North Las Vegas, NV",100
"2112","North Little Rock, AR",24
"2113","North Plainfield, NJ",NA
"2114","North Platte, NE",NA
"2115","North Wales, PA",350
"2116","North Wilkesboro, NC",200
"2117","Northampton, MA",NA
"2118","Northbrook, IL",1000
"2119","Northfield, NJ",5
"2120","Northridge, CA",NA
"2121","Norton, VA",24
"2122","Norwalk, CT",NA
"2123","Norwalk, OH",NA
"2124","Norwell, MA",200
"2125","Norwich, CT",183.333333333333
"2126","Norwich, NY",75
"2127","Norwood, CO",40
"2128","Novato, CA",NA
"2129","Novi, NY",NA
"2130","Nutley, NJ",107
"2131","Nyack, NY",1100
"2132","O'Fallon, IL",200
"2133","O'Fallon, MO",1750
"2134","O'Hara, PA",500
"2135","Oahu, HI",200
"2136","Oak Bluffs, MA",40
"2137","Oak Grove, KY",70
"2138","Oak Grove, MS",24
"2139","Oak Grove, OR",100
"2140","Oak Harbor, WA",216.666666666667
"2141","Oak Lawn, IL",200
"2142","Oak Park, IL",NA
"2143","Oak Park, MI",200
"2144","Oak Ridge, TN",200
"2145","Oakdale, CA",NA
"2146","Oakdale, MN",NA
"2147","Oakland, CA",NA
"2148","Oakland, MD",NA
"2149","Oakley, CA",200
"2150","Oakwood, OH",NA
"2151","Oberlin, LA",NA
"2152","Ocala, FL",NA
"2153","Ocean City, MA",NA
"2154","Ocean City, MD",600
"2155","Ocean City, NJ",1000
"2156","Ocean Shore, WA",NA
"2157","Ocean Township, NJ",100
"2158","Oceanside, CA",NA
"2159","Oceanside, NY",NA
"2160","Ocoee, FL",NA
"2161","Oconomowoc, WI",200
"2162","Odenton, MD",NA
"2163","Odessa, MO",200
"2164","Odessa, TX",NA
"2165","Ogden, UT",NA
"2166","Ogdensburg, NY",200
"2167","Ogen, UT",20
"2168","Oil City, PA",200
"2169","Ojai, CA",NA
"2170","Oklahoma City, OK",NA
"2171","Olathe, KS",NA
"2172","Old Fort, NC",NA
"2173","Old Lyme, CT",200
"2174","Old Saybrook, CT",NA
"2175","Olean, NY",NA
"2176","Olney, MD",NA
"2177","Olympia, WA",NA
"2178","Omaha, NE",NA
"2179","Omak, WA",450
"2180","Oneida, NY",15
"2181","Oneonta, NY",500
"2182","Ontario, CA",300
"2183","Ontario, OH",NA
"2184","Ontario, OR",200
"2185","Opelika, AL",183.333333333333
"2186","Opelousas, LA",12
"2187","Orange Park, FL",24
"2188","Orange, CA",NA
"2189","Orange, VA",200
"2190","Orangeburg, SC",NA
"2191","Orcas Island, WA",48
"2192","Oregon City, OR",NA
"2193","Oregon, IL",24
"2194","Oregon, OH",12
"2195","Oregon, WI",24
"2196","Orem, UT",30
"2197","Orland Park, IL",150
"2198","Orland, CA",50
"2199","Orlando, FL",NA
"2200","Orleans, MA",200
"2201","Ormond Beach, FL",NA
"2202","Orono, ME",NA
"2203","Oroville, CA",100
"2204","Orrville, CA",40
"2205","Oshkosh, WI",NA
"2206","Oskaloosa, IA",NA
"2207","Ossining, NY",1150
"2208","Oswego, IL",60
"2209","Oswego, NY",NA
"2210","Ottawa, IL",100
"2211","Ottumwa, IA",NA
"2212","Ouray, CO",NA
"2213","Overland Park, KS",NA
"2214","Owasso, OK",NA
"2215","Owatonna, MN",200
"2216","Owensboro, KY",NA
"2217","Owosso, MI",NA
"2218","Oxford, CT",400
"2219","Oxford, KY",NA
"2220","Oxford, MS",241.333333333333
"2221","Oxford, OH",300
"2222","Oxnard, CA",216.5
"2223","Oyster Bay, NY",150
"2224","Paducah, KY",559
"2225","Pahrump, NV",4
"2226","Painesville, OH",125
"2227","Paintsville, KY",50
"2228","Palatine, IL",250
"2229","Palatka, FL",NA
"2230","Palestine, TX",50
"2231","Palm Bay, FL",112.5
"2232","Palm Beach Gardens, FL",NA
"2233","Palm Beach, FL",1
"2234","Palm Coast, FL",100
"2235","Palm Desert, CA",252.5
"2236","Palm Springs, CA",NA
"2237","Palm Springs, FL",100
"2238","Palmdale, CA",NA
"2239","Palmer, AK",2000
"2240","Palmerton, PA",10.25
"2241","Palmetto, FL",NA
"2242","Palmyra, VA",NA
"2243","Palo Alto, CA",NA
"2244","Palos Heights, IL",NA
"2245","Palos Verdes, CA",150
"2246","Panama City Beach, FL",20
"2247","Panama City, FL",NA
"2248","Paoli, IN",NA
"2249","Paoli, PA",2000
"2250","Papillion, NE",NA
"2251","Parachute, CO",20
"2252","Paradise Valley, AZ",40
"2253","Paramount, CA",NA
"2254","Paramus, NJ",200
"2255","Paris, TN",NA
"2256","Paris, TX",NA
"2257","Park City, UT",NA
"2258","Park Rapids, MN",14.6666666666667
"2259","Park Ridge, IL",127
"2260","Parkersburg, WV",NA
"2261","Parkland, FL",NA
"2262","Parkville, MO",600
"2263","Parma, OH",NA
"2264","Parsippany, NJ",1600
"2265","Parsons, KS",500
"2266","Pasadena, CA",NA
"2267","Pasadena, MD",NA
"2268","Pascagoula, MS",NA
"2269","Pasco, WA",NA
"2270","Paso Robles, CA",100
"2271","Paterson, NJ",NA
"2272","Pauls Valley, OK",24
"2273","Payson, AZ",NA
"2274","Peabody, MA",150
"2275","Peachtree City, GA",400
"2276","Peconic, NY",200
"2277","Pecos, TX",13
"2278","Peekskill, NY",100
"2279","Pekin, IL",77
"2280","Pelham, NY",NA
"2281","Pemberton Township, NJ",100
"2282","Pembroke Pines, FL",NA
"2283","Pembroke, NC",NA
"2284","Pen Argyl, PA",300
"2285","Pendelton, OR",30
"2286","Pendleton, IN",150
"2287","Pendleton, OR",NA
"2288","Penn Hills, PA",NA
"2289","Penn Yan, NY",30
"2290","Pennington, NJ",200
"2291","Pennsauken, NJ",NA
"2292","Pennsburg, PA",600
"2293","Pennwynne, PA",24
"2294","Pensacola, FL",NA
"2295","Peoria, IL",683.333333333333
"2296","Perkasie, PA",275
"2297","Perris, CA",NA
"2298","Perry Hall, MD",NA
"2299","Perrysburg, OH",200
"2300","Perryville, MO",112
"2301","Pescadero, CA",50
"2302","Petal, MS",NA
"2303","Petaluma, CA",NA
"2304","Peterborough, NH",NA
"2305","Petersburg, VA",500
"2306","Petoskey, MI",138.75
"2307","Petosky, MI",NA
"2308","Pheonix, AZ",NA
"2309","Philadelphia, NE",NA
"2310","Philadelphia, PA",NA
"2311","Philadephia, PA",NA
"2312","Philipsburg, PA",NA
"2313","Phillipsburg, NJ",200
"2314","Phoenix City, AL",100
"2315","Phoenix, AZ",NA
"2316","Phoenixville, PA",2000
"2317","Pickens, SC",36
"2318","Pickerington, OH",200
"2319","Pierre, SD",NA
"2320","Pikeville, KY",NA
"2321","Pilot Point, TX",31.6666666666667
"2322","Pinckney, MI",27
"2323","Pinckneyville, IL",100
"2324","Pine Bluff, AR",300
"2325","Pine City, MN",NA
"2326","Pine Island, MN",36
"2327","Pine Island, NY",11
"2328","Pine Prarie, LA",NA
"2329","Pinedale, WY",55
"2330","Pinole, CA",NA
"2331","Piqua, OH",80
"2332","Pitman, NJ",NA
"2333","Pittsboro, NC",NA
"2334","Pittsburg, CA",NA
"2335","Pittsburg, KS",300
"2336","Pittsburge, PA",25
"2337","Pittsburgh, PA",NA
"2338","Pittsfield Charter Township, MI",150
"2339","Pittsfield Township, MI",500
"2340","Pittsfield, MA",NA
"2341","Pittsfield, VT",NA
"2342","Pittsford, NY",200
"2343","Pittston, PA",NA
"2344","Placentia, CA",NA
"2345","Placerville, CA",NA
"2346","Plainfield, CT",100
"2347","Plainfield, IL",100
"2348","Plainfield, NH",125
"2349","Plainfield, NJ",100
"2350","Plainview, NY",200
"2351","Plainville, CT",203
"2352","Plano, TX",427.333333333333
"2353","Plant City, FL",250
"2354","Plattsburgh, NY",306
"2355","Pleasant Hill, CA",NA
"2356","Pleasant Hills, PA",36
"2357","Pleasant Valley, NY",300
"2358","Pleasanton, CA",NA
"2359","Plymouth Meeting, PA",100
"2360","Plymouth, IN",NA
"2361","Plymouth, MA",1000
"2362","Plymouth, MI",NA
"2363","Plymouth, MN",NA
"2364","Pocatello, ID",166.666666666667
"2365","Pocomoke City, MD",NA
"2366","Point Pleasant Beach, NJ",NA
"2367","Point Reyes, CA",NA
"2368","Polson, MT",50
"2369","Pomfret, CT",NA
"2370","Pomona, CA",NA
"2371","Pompano Beach, FL",40
"2372","Ponca City, OK",200
"2373","Ponte Vedra Beach, FL",110
"2374","Pontiac, IL",100
"2375","Pontiac, MI",NA
"2376","Porland, OR",NA
"2377","Port Allegany, PA",30
"2378","Port Allen, LA",NA
"2379","Port Angeles, WA",NA
"2380","Port Arthur, TX",NA
"2381","Port Clinton, OH",NA
"2382","Port Huron, MI",NA
"2383","Port Jefferson, NY",1000
"2384","Port Jervis, NY",300
"2385","Port Orange, FL",NA
"2386","Port Orchard, WA",NA
"2387","Port Saint Lucie, FL",200
"2388","Port Townsend, WA",NA
"2389","Portage, IN",200
"2390","Portage, MI",NA
"2391","Portage, PA",50
"2392","Portales, NM",12
"2393","Porterville, CA",150
"2394","Portland, IN",NA
"2395","Portland, ME",NA
"2396","Portland, OR",NA
"2397","Portola Valley, CA",NA
"2398","Portsmouth, NH",2625
"2399","Portsmouth, OH",NA
"2400","Portsmouth, VA",NA
"2401","Potsdam, NY",NA
"2402","Pottstown, PA",NA
"2403","Pottsville, PA",NA
"2404","Poughkeepsie, NJ",NA
"2405","Poughkeepsie, NY",NA
"2406","Poulsbo, WA",NA
"2407","Poway, CA",NA
"2408","Powell, OH",NA
"2409","Prairie du Sac, WI",20
"2410","Prairie Grove, AR",NA
"2411","Prairie Village, KS",NA
"2412","Prescott Valley, AZ",NA
"2413","Prescott, AZ",650
"2414","Presque Isle, ME",NA
"2415","Preston, CT",24
"2416","Prestonburg, KY",150
"2417","Prince Frederick, MD",NA
"2418","Princeton, IL",NA
"2419","Princeton, IN",NA
"2420","Princeton, KY",70
"2421","Princeton, NJ",2000
"2422","Princeton, WV",200
"2423","Prineville, NM",200
"2424","Prineville, OR",NA
"2425","Providence, RI",NA
"2426","Provincetown, MA",100
"2427","Provo, UT",NA
"2428","Pueblo, CO",77
"2429","Pulaski, TN",200
"2430","Pulaski, WI",42
"2431","Pullman, WA",149.25
"2432","Punta Gorda, FL",650
"2433","Punxsutawney, PA",NA
"2434","Purcellville, VA",1000
"2435","Puyallup, WA",NA
"2436","Quakertown, PA",NA
"2437","Quarryville, PA",NA
"2438","Quincy, CA",NA
"2439","Quincy, FL",75
"2440","Quincy, IL",37.5
"2441","Quincy, MA",NA
"2442","Quincy, WA",1
"2443","Quinlan, TX",NA
"2444","Quitman, MS",NA
"2445","Racine, WI",NA
"2446","Radford, VA",NA
"2447","Radnor, PA",1100
"2448","Raeford, NC",1000
"2449","Rahway, NJ",NA
"2450","Raleigh, NC",NA
"2451","Ramona, CA",57.5
"2452","Rancho Cucamonga, CA",259
"2453","Rancho Mirage, CA",125
"2454","Rancho Palos Verdes, CA",100
"2455","Rancho Peñasquitos, CA",300
"2456","Rancho Santa Margarita, CA",100
"2457","Randallstown, MA",200
"2458","Randolph, MA",200
"2459","Randolph, VT",250
"2460","Rantoul, IL",NA
"2461","Rapid City, SD",NA
"2462","Ravenna, OH",40
"2463","Raymond, WA",47
"2464","Reading, MA",1000
"2465","Reading, PA",NA
"2466","Red Bank, NJ",200
"2467","Red Bank, SC",22
"2468","Red Bluff, CA",150
"2469","Red Hook, NY",200
"2470","Red Lodge, MT",150
"2471","Red Oak, TX",NA
"2472","Red Wing, MN",68
"2473","Redding, CA",NA
"2474","Redlands, CA",NA
"2475","Redmond, OR",NA
"2476","Redmond, WA",NA
"2477","Redondo Beach, CA",32
"2478","Redwood City, CA",NA
"2479","Rehoboth Beach, DE",337.5
"2480","Reisterstown, MD",NA
"2481","Reno, NV",NA
"2482","Renssleaer, NY",NA
"2483","Renton, WA",NA
"2484","Revere, MA",NA
"2485","Rexburg, ID",100
"2486","Rhinebeck, NY",NA
"2487","Rhinelander, WI",NA
"2488","Rialto, CA",50
"2489","Rice Lake, WI",NA
"2490","Richardson, TX",NA
"2491","Richland, WA",NA
"2492","Richlands, VA",75
"2493","Richmond Hill, GA",NA
"2494","Richmond, CA",NA
"2495","Richmond, IN",225
"2496","Richmond, KY",131
"2497","Richmond, OH",NA
"2498","Richmond, RI",212
"2499","Richmond, VA",NA
"2500","Ridgecrest, CA",NA
"2501","Ridgefield Park, NJ",200
"2502","Ridgefield, CT",62
"2503","Ridgefield, WA",80.3333333333333
"2504","Ridgewood, NJ",43
"2505","Ridgrecrest, CA",65
"2506","Ridgway, PA",85
"2507","Riegelsville, PA",NA
"2508","Rifle, CO",NA
"2509","Rio Grande, NJ",NA
"2510","Rio Rancho, NM",NA
"2511","Ripley, MA",NA
"2512","Ripley, WV",24
"2513","Rising Sun, MD",100
"2514","Riverdale, GA",NA
"2515","Riverhead, NY",NA
"2516","Riverside, CA",NA
"2517","Riverside, OH",75
"2518","Riverton, WY",100
"2519","Riverview, FL",512
"2520","Riverview, MI",NA
"2521","Riviera Beach, FL",NA
"2522","Roanoke, TX",NA
"2523","Roanoke, VA",NA
"2524","Robesonia, PA",200
"2525","Rochester Hills, MI",500
"2526","Rochester, MI",481.5
"2527","Rochester, MN",103.25
"2528","Rochester, NH",NA
"2529","Rochester, NY",NA
"2530","Rock Hill, SC",NA
"2531","Rock Island, IL",24
"2532","Rock Springs, WY",NA
"2533","Rockford, IL",NA
"2534","Rockford, MI",NA
"2535","Rockingham, NC",24
"2536","Rockland, ME",NA
"2537","Rockledge, FL",2750
"2538","Rockport, MA",NA
"2539","Rockridge, CA",NA
"2540","Rockville, MD",300
"2541","Rockwall, TX",NA
"2542","Rocky Hill, CT",300
"2543","Rocky Mount, NC",NA
"2544","Rocky Mount, VA",24
"2545","Rogers, AR",NA
"2546","Rogersville, TN",150
"2547","Rogue River, OR",200
"2548","Rohnert Park, CA",NA
"2549","Rolla, MO",300
"2550","Rome, GA",NA
"2551","Rome, NY",100
"2552","Romeo, MI",450
"2553","Romulus, MI",NA
"2554","Roosevelt, NY",100
"2555","Roseburg, OR",95
"2556","Roselle, NJ",200
"2557","Roseville, CA",NA
"2558","Roseville, MI",NA
"2559","Roseville, MN",NA
"2560","Roslyn, NY",122.5
"2561","Roswell, NM",NA
"2562","Round Hill, VA",375
"2563","Round Rock, TX",NA
"2564","Rowland Heights, CA",NA
"2565","Rowland, NC",40
"2566","Rowlett, TX",NA
"2567","Roxboro, NC",24.5
"2568","Royal Oak, MI",NA
"2569","Royalton, VT",600
"2570","Royersford, PA",NA
"2571","Royse City, TX",300
"2572","Rugby, ND",50
"2573","Ruidoso, NM",50
"2574","Rushville, IN",NA
"2575","Russellville, AR",200
"2576","Russellville, KY",NA
"2577","Russett, MD",NA
"2578","Ruston, LA",200
"2579","Rutherford, NJ",200
"2580","Rutland, VT",416.666666666667
"2581","Sacramento, CA",NA
"2582","Safford, AZ",20
"2583","Sag Harbor, NY",NA
"2584","Saginaw, MI",NA
"2585","Saint Albans, VT",NA
"2586","Saint Augustine, FL",NA
"2587","Saint Charles, MO",NA
"2588","Saint Clair Shores, MI",NA
"2589","Saint Cloud, FL",NA
"2590","Saint Cloud, MN",NA
"2591","Saint Francisville, LA",85
"2592","Saint George, UT",NA
"2593","Saint Helens, OR",200
"2594","Saint John, IN",NA
"2595","Saint Johns, FL",100
"2596","Saint Johnsbury, VT",175
"2597","Saint Joseph, MI",1000
"2598","Saint Joseph, MO",30
"2599","Saint Louis, MO",NA
"2600","Saint Martinville, LA",NA
"2601","Saint Mary's, PA",152
"2602","Saint Marys, PA",NA
"2603","Saint Matthews, KY",NA
"2604","Saint Paul, MI",200
"2605","Saint Paul, MN",NA
"2606","Saint Peters, MO",200
"2607","Saint Petersburg, FL",NA
"2608","Salem, MA",NA
"2609","Salem, OR",NA
"2610","Salem, VA",45.3333333333333
"2611","Salida, CO",150
"2612","Salina, KS",350
"2613","Salinas, CA",NA
"2614","Salisbury, CT",133
"2615","Salisbury, MD",80
"2616","Salisbury, NC",212.5
"2617","Salt Lake City, UT",NA
"2618","San Angelo, TX",NA
"2619","San Anselmo, CA",50
"2620","San Antonio, CA",200
"2621","San Antonio, TX",NA
"2622","San Bernadino, CA",14
"2623","San Bernardino, CA",NA
"2624","San Bruno, CA",NA
"2625","San Carlos, CA",40
"2626","San Clemente, CA",318
"2627","San Diego, CA",NA
"2628","San Francisco, CA",NA
"2629","San Gabriel, CA",NA
"2630","San Geronimo, CA",NA
"2631","San Jose, CA",NA
"2632","San Leandro, CA",NA
"2633","San Luis Obispo, CA",NA
"2634","San Luis Obispo, OR",NA
"2635","San Marcos, CA",30
"2636","San Marcos, TX",62
"2637","San Mateo, CA",NA
"2638","San Pablo, CA",NA
"2639","San Pedro, CA",350
"2640","San Rafael, CA",NA
"2641","San Ramon, CA",NA
"2642","Sandersville, GA",NA
"2643","Sandpoint, ID",NA
"2644","Sandusky, OH",440
"2645","Sandwich, IL",200
"2646","Sandy Springs, GA",150
"2647","Sandy, OR",NA
"2648","Sanford, ME",300
"2649","Sanford, NC",100
"2650","Santa Ana, CA",NA
"2651","Santa Barbara, CA",1120
"2652","Santa Clara, CA",NA
"2653","Santa Clarita, CA",310
"2654","Santa Cruz, CA",NA
"2655","Santa Fe, NM",NA
"2656","Santa Maria, CA",NA
"2657","Santa Monica, CA",NA
"2658","Santa Paula, CA",200
"2659","Santa Rosa Beach, FL",NA
"2660","Santa Rosa, CA",NA
"2661","Santee, CA",NA
"2662","Saranac Lake, NY",200
"2663","Sarasota, FL",NA
"2664","Saratoga Springs, NY",NA
"2665","Saratoga, CA",223
"2666","Saratoga, NY",150
"2667","Saugerties, NY",NA
"2668","Saugus, MA",NA
"2669","Sault Sainte Marie, MI",200
"2670","Sausalito, CA",NA
"2671","Savannah, GA",NA
"2672","Saxonburg, PA",18
"2673","Sayre, PA",55
"2674","Sayreville, NJ",250
"2675","Schaumburg, IL",60
"2676","Schellsburg, PA",NA
"2677","Schenectady, NY",NA
"2678","Schereville, IN",50
"2679","Schoolcraft, MI",100
"2680","Schwenksville, PA",250
"2681","Scituate, MA",50
"2682","Scotch Plains, NJ",550
"2683","Scottdale, PA",NA
"2684","Scotts Valley, CA",NA
"2685","Scottsbluff, NE",24
"2686","Scottsdale, AZ",NA
"2687","Scranton, PA",NA
"2688","Seaford, DE",300
"2689","Seaford, NY",150
"2690","Seaside Heights, NJ",NA
"2691","Seaside, CA",NA
"2692","Seaside, OR",NA
"2693","Seattle, WA",NA
"2694","Sebastopol, CA",NA
"2695","Sebring, FL",NA
"2696","Sedalia, MO",NA
"2697","Sedro-Woolley, WA",100
"2698","Seguin, TX",200
"2699","Selah, WA",137.5
"2700","Selinsgrove, PA",NA
"2701","Sellersville, PA",NA
"2702","Selma, AL",NA
"2703","Selma, NC",NA
"2704","Sequim, WA",150
"2705","Severna Park, MD",100
"2706","Sewickley, PA",NA
"2707","Seymour, IN",NA
"2708","Shady Side, MD",24
"2709","Shaker Heights, OH",NA
"2710","Shamokin, PA",29
"2711","Sharon, CT",NA
"2712","Sharon, MA",NA
"2713","Sharon, PA",NA
"2714","Sharpsville, PA",NA
"2715","Shawano, WI",100
"2716","Shawnee, OK",24
"2717","Sheboygan, NY",NA
"2718","Sheboygan, WI",NA
"2719","Shelburne Falls, MA",200
"2720","Shelburne, VT",300
"2721","Shelby Town, MI",12
"2722","Shelby Township, MI",NA
"2723","Shelby, NC",NA
"2724","Shelby, OH",50
"2725","Shelbyville, KY",200
"2726","Shelter Island, NY",900
"2727","Shelton, CT",120
"2728","Shenandoah, PA",36
"2729","Sheridan, AR",18
"2730","Sheridan, WY",450
"2731","Sherman Oaks, CA",NA
"2732","Sherman, TX",NA
"2733","Shippensburg, PA",NA
"2734","Shirley, NY",NA
"2735","Shoreline, WA",NA
"2736","Shoreview, MN",200
"2737","Shorewood, WI",400.5
"2738","Shreveport, LA",NA
"2739","Sidney, NE",28
"2740","Sidney, OH",45
"2741","Sierra Madre, CA",200
"2742","Sierra Vista, AZ",NA
"2743","Siler City, NC",NA
"2744","Silver City, NM",300
"2745","Silver Spring, MD",NA
"2746","Silverton, OR",200
"2747","Simi Valley, CA",NA
"2748","Simpsonville, SC",60
"2749","Simsbury, CT",NA
"2750","Sioux City, IA",NA
"2751","Sioux Falls, SD",NA
"2752","Sister Bay, GA",NA
"2753","Sisters, OR",33.25
"2754","Sitka, AK",NA
"2755","Skagway, AK",150
"2756","Skaneateles, NY",250
"2757","Skokie, IL",NA
"2758","Skowhegan, ME",35
"2759","Slidell, LA",NA
"2760","Slippery Rock, PA",92.5
"2761","Smithtown, NY",NA
"2762","Smyrna, GA",NA
"2763","Smyrna, TN",24
"2764","Snohomish, WA",350
"2765","Snoqualmie, WA",24
"2766","Solanco, PA",150
"2767","Soldotna, AK",50
"2768","Soledad, CA",100
"2769","Solona Beach, CA",200
"2770","Solvang, CA",NA
"2771","Somers Point, NJ",NA
"2772","Somers, CT",325
"2773","Somers, NY",60
"2774","Somerset, KY",NA
"2775","Somerset, PA",106
"2776","Somerville, NJ",NA
"2777","Sonoma, CA",250
"2778","Sonora, CA",NA
"2779","Souderton, PA",1100
"2780","South Bay, CA",NA
"2781","South Bend, IN",NA
"2782","South Boston, VA",200
"2783","South Brunswick, NJ",550
"2784","South Deerfield, MA",NA
"2785","South Jordan, UT",600
"2786","South Kingstown, RI",200
"2787","South Lake Tahoe, CA",NA
"2788","South Pasadena, CA",NA
"2789","South Point, KY",150
"2790","South Point, OH",NA
"2791","South Portland, ME",300
"2792","South Sacramento, CA",24
"2793","South San Francisco, CA",NA
"2794","South Windsor, CT",NA
"2795","Southampton, MA",100
"2796","Southbridge, MA",150
"2797","Southbury, CT",NA
"2798","Southfield, MI",148
"2799","Southgate, MI",NA
"2800","Southington, CT",200
"2801","Southlake, TX",NA
"2802","Southport, NC",125
"2803","Southwick, MA",NA
"2804","Sparta, IL",100
"2805","Sparta, NJ",NA
"2806","Spartanburg, SC",13
"2807","Spencer, IA",580
"2808","Spokane, WA",NA
"2809","Spotsylvania Courthouse, VA",11
"2810","Spring Hill, TN",200
"2811","Spring Hope, NC",100
"2812","Spring Township, PA",200
"2813","Spring Valley, NY",2000
"2814","Springboro, OH",NA
"2815","Springfield, IL",NA
"2816","Springfield, MA",NA
"2817","Springfield, MO",NA
"2818","Springfield, OH",361.333333333333
"2819","Springfield, OR",NA
"2820","Springfield, PA",410
"2821","St Johnsbury, VT",175
"2822","St. Anthony, MN",NA
"2823","St. John, IN",100
"2824","St. Louis Park, MN",24
"2825","St. Louis, MO",150
"2826","St. Paul, MN",200
"2827","St. Peter, MN",250
"2828","Stafford, NJ",200
"2829","Stafford, VA",150
"2830","Stamford, CT",NA
"2831","Stanardsville, VA",NA
"2832","Stanford, CA",NA
"2833","Stanwood, WA",NA
"2834","Starkville, MS",2000
"2835","State College, PA",NA
"2836","Staten Island, NY",20
"2837","Statesboro, GA",NA
"2838","Statesville, NC",NA
"2839","Staunton, VA",NA
"2840","Steamboat Springs, CO",NA
"2841","Stephenville, TX",NA
"2842","Sterling Heights, MI",7000
"2843","Sterling, CO",NA
"2844","Sterling, IL",300
"2845","Sterling, VA",2000
"2846","Steubenville, OH",28
"2847","Stevens Point, WI",600
"2848","Stevenson, WA",24
"2849","Stevensville, MD",40
"2850","Stillwater, OK",NA
"2851","Stockton, CA",NA
"2852","Stockton, NJ",300
"2853","Stockton, TX",NA
"2854","Stone Mountain, GA",NA
"2855","Stonington, CT",130
"2856","Storm Lake, IA",200
"2857","Stoughton, MA",NA
"2858","Stowe, VT",69
"2859","Strasburg, PA",38
"2860","Stratford, CT",200
"2861","Stroud Township, PA",100
"2862","Stroudsburg, PA",NA
"2863","Stuart, FL",NA
"2864","Studio City, CA",6
"2865","Sturbridge, MA",300
"2866","Sturgeon Bay, WI",200
"2867","Suffolk, VA",NA
"2868","Sulphur Springs, TX",NA
"2869","Summerville, SC",NA
"2870","Summit, NJ",1500
"2871","Sumter, SC",NA
"2872","Sun Prairie, WI",NA
"2873","Sunapee, NH",9
"2874","Sunbury, PA",65
"2875","Sunnyvale, CA",1500
"2876","Sunrise, FL",500
"2877","Superior, WI",100
"2878","Surprise, AZ",NA
"2879","Suwanee, GA",2500
"2880","Swampscott, MA",NA
"2881","Swartz Creek, MI",NA
"2882","Sweetwater, TN",NA
"2883","Sykesville, MD",NA
"2884","Sylacauga, AL",200
"2885","Sylva, NC",300
"2886","Syracuse, NY",NA
"2887","Tacoma, WA",NA
"2888","Tahlequah, OK",NA
"2889","Takoma Park, MD",NA
"2890","Talkeetna, AK",100
"2891","Talladega, AL",45
"2892","Tallahasee, FL",58
"2893","Tallahassee, FL",NA
"2894","Tallmadge, OH",20
"2895","Tamaqua, PA",NA
"2896","Tampa, FL",NA
"2897","Tamuning, GU",NA
"2898","Taneytown, MD",50
"2899","Taos, NM",200
"2900","Tarrytown, NY",131.666666666667
"2901","Taunton, MA",NA
"2902","Taunton, MD",NA
"2903","Tavares, FL",24
"2904","Taylor, MI",NA
"2905","Taylorsville, UT",NA
"2906","Taylorville, IL",200
"2907","Teaneck, NJ",50
"2908","Tecumseh, MI",150
"2909","Tehachapi, CA",36
"2910","Telluride, CO",NA
"2911","Temecula, CA",NA
"2912","Tempe, AZ",121
"2913","Temple City, CA",NA
"2914","Temple Terrace, FL",200
"2915","Temple, TX",NA
"2916","Terre Haute, IN",NA
"2917","Texarkana, TX",NA
"2918","The Dalles, OR",NA
"2919","The Woodlands, TX",150
"2920","Thibodaux, LA",100
"2921","Thomaston, CT",200
"2922","Thomasville, GA",64.6
"2923","Thomson, GA",17
"2924","Thousand Oaks, CA",155.6
"2925","Tiburon, CA",NA
"2926","Tiffin, OH",24
"2927","Timonium, MD",NA
"2928","Tinley Park, IL",150
"2929","Tipp City, OH",12
"2930","Titusville, FL",275
"2931","Toledo, OH",NA
"2932","Tolland, CT",24
"2933","Tolono, IL",24
"2934","Tomah, WI",NA
"2935","Tomball, TX",200
"2936","Toms River, NJ",200
"2937","Tonawanda, NY",80
"2938","Tooele, UT",200
"2939","Topeka, KS",NA
"2940","Topsham, ME",NA
"2941","Torrance, CA",NA
"2942","Torrington, CT",NA
"2943","Torrington, WY",100
"2944","Towson, MD",NA
"2945","Tracy, CA",175
"2946","Traverse City, MI",512
"2947","Trenton, NJ",NA
"2948","Trotwood, OH",1000
"2949","Troutdale, OR",NA
"2950","Troy, AL",NA
"2951","Troy, MI",NA
"2952","Troy, NY",3142
"2953","Troy, OH",200
"2954","Truckee, CA",NA
"2955","Trumbull, CT",NA
"2956","Truth or Consequences, NM",NA
"2957","Tualatin, OR",NA
"2958","Tuckahoe, VA",100
"2959","Tucson, AZ",NA
"2960","Tulsa, OK",NA
"2961","Tumwater, WA",200
"2962","Tunica, LA",100
"2963","Tunkhannock, PA",NA
"2964","Tupelo, MS",NA
"2965","Tupper Lake, NY",60
"2966","Turlock, CA",NA
"2967","Turners Falls, MA",100
"2968","Tuscaloosa, AL",562
"2969","Tuscola, IL",NA
"2970","Tuscon, AZ",NA
"2971","Tuskegee, AL",NA
"2972","Twin Falls, ID",NA
"2973","Twisp, WA",12
"2974","Tybee Island, GA",24
"2975","Tyler, TX",NA
"2976","Tyrone, PA",26.5
"2977","Ukiah, CA",200
"2978","Unadilla, NY",100
"2979","Unalakleet, AK",22
"2980","Union City, CA",NA
"2981","Union, MO",100
"2982","Uniontown, PA",NA
"2983","University Park, TX",23
"2984","Upland, CA",NA
"2985","Upper Arlington, OH",200
"2986","Upper Darby, PA",NA
"2987","Upper Jay, NY",NA
"2988","Upper Saint Clair, PA",400
"2989","Urbana, IL",NA
"2990","Urbana, MD",NA
"2991","Utica, NY",1000
"2992","Vacaville, CA",NA
"2993","Vail, CO",50
"2994","Valdez, AK",NA
"2995","Valdosta, GA",NA
"2996","Valencia, CA",36
"2997","Vallejo, CA",NA
"2998","Valley Center, KS",NA
"2999","Valley City, ND",78
"3000","Valley Stream, NY",112
"3001","Valparaiso, IN",NA
"3002","Van Wert, OH",NA
"3003","Vancouver, WA",114
"3004","Vandergrift, PA",109
"3005","Vashon, WA",NA
"3006","Venice Beach, CA",300
"3007","Ventura, CA",NA
"3008","Vergennes, VT",41
"3009","Vernon Hills, IL",200
"3010","Vernon, CT",NA
"3011","Vernon, NJ",NA
"3012","Vero Beach, FL",NA
"3013","Vestavia Hills, AL",800
"3014","Vicksburg, MS",350
"3015","Victor, ID",250
"3016","Victor, NY",200
"3017","Victoria, TX",NA
"3018","Victorville, CA",NA
"3019","Vidor, TX",175
"3020","Vienna, VA",NA
"3021","Viera, FL",NA
"3022","Vilonia, AK",NA
"3023","Vinalhaven, ME",35
"3024","Vincennes, IN",400
"3025","Vineland, NJ",75
"3026","Vineyard Haven, MA",NA
"3027","Virgina Beach, VA",NA
"3028","Virginia Beach, VA",NA
"3029","Virginia, MN",NA
"3030","Viroqua, WI",250
"3031","Visalia, CA",NA
"3032","Vista, CA",NA
"3033","Waco, TX",200
"3034","Wadesboro, NC",200
"3035","Wagoner, OK",150
"3036","Waikiki, HI",NA
"3037","Waitsfield, VT",100
"3038","Wakefield, RI",NA
"3039","Waldo, MO",NA
"3040","Walhalla, SC",NA
"3041","Walker, LA",NA
"3042","Walla Walla, WA",NA
"3043","Wallingford, CT",104
"3044","Wallkill, NY",400
"3045","Walnut Cove, NC",NA
"3046","Walnut Creek, CA",NA
"3047","Walnut, CA",100
"3048","Walpole, MA",76
"3049","Waltham, MA",60
"3050","Wantagh, NY",NA
"3051","Wappingers Falls, NY",42
"3052","Ware, MA",300
"3053","Warner Robins, GA",262
"3054","Warren, MI",NA
"3055","Warren, OH",466.666666666667
"3056","Warren, PA",21
"3057","Warrensburg, MO",NA
"3058","Warrenton, VA",NA
"3059","Warsaw, IN",NA
"3060","Warwick, NY",216.666666666667
"3061","Wasau, WI",62
"3062","Washburn, WI",150
"3063","Washington Township, MI",1000
"3064","Washington, CT",200
"3065","Washington, DC",NA
"3066","Washington, MO",NA
"3067","Washington, PA",NA
"3068","Washougal, WA",500
"3069","Waterbury, CT",NA
"3070","Waterbury, VT",164
"3071","Waterford, CT",NA
"3072","Waterford, NY",NA
"3073","Waterloo, IA",881.666666666667
"3074","Waterloo, IL",100
"3075","Watertown, CT",300
"3076","Watertown, NY",56
"3077","Watertown, SD",300
"3078","Watertown, WI",NA
"3079","Waterville, ME",NA
"3080","Watkins Glen, NY",40
"3081","Watsontown, PA",NA
"3082","Watsonville, CA",266.666666666667
"3083","Waukegan, IL",100
"3084","Waukesha, WI",190
"3085","Waupaca, WI",NA
"3086","Wausau, WI",87
"3087","Wauwatosa, WI",NA
"3088","Waxahachie, TX",105
"3089","Waxhaw, NC",300
"3090","Wayne, NJ",550
"3091","Wayne, PA",200
"3092","Waynesboro, GA",NA
"3093","Waynesboro, PA",70
"3094","Waynesboro, VA",150
"3095","Waynesburg, PA",NA
"3096","Waynesville, NC",NA
"3097","Weatherford, TX",NA
"3098","Weaverville, CA",NA
"3099","Weaverville, NC",24
"3100","Webster Groves, MO",300
"3101","Webster, MA",650
"3102","Weirton, OH",100
"3103","Wellesley, MA",211
"3104","Wellfleet, MA",100
"3105","Wellington, FL",NA
"3106","Wellington, KS",200
"3107","Wellsboro, PA",NA
"3108","Wellsville, NY",NA
"3109","Wenatchee, WA",NA
"3110","Wendell, MA",NA
"3111","Wesley Chapel, FL",20
"3112","West Allis, WI",NA
"3113","West Baden, IN",NA
"3114","West Bloomfield Township, MI",200
"3115","West Bloomfield, MI",NA
"3116","West Chester, OH",NA
"3117","West Chester, PA",NA
"3118","West Conshohocken, PA",250
"3119","West Covina, CA",170
"3120","West Hartford, CT",NA
"3121","West Haven, CT",362.5
"3122","West Haverstraw, NY",50
"3123","West Hempstead, NY",500
"3124","West Hollywood, CA",NA
"3125","West Islip, NY",200
"3126","West Jefferson, NC",250
"3127","West Linn, OR",12
"3128","West Melbourne, FL",175
"3129","West Milford, NJ",25
"3130","West Newbury, MA",100
"3131","West Orange, NJ",NA
"3132","West Palm Beach, FL",NA
"3133","West Plains, MO",12
"3134","West Point, NY",NA
"3135","West St. Paul, MN",NA
"3136","West Valley City, UT",75
"3137","West View, PA",8
"3138","Westborough, MA",NA
"3139","Westchester, NY",200
"3140","Westcliffe, CO",NA
"3141","Westerly, RI",60
"3142","Westerville, OH",95
"3143","Westfield, MA",NA
"3144","Westfield, NJ",NA
"3145","Westland, MI",NA
"3146","Westminster, CA",NA
"3147","Westminster, MD",NA
"3148","Westmoreland, NY",100
"3149","Weston, CT",NA
"3150","Weston, FL",162
"3151","Westport, CT",333.333333333333
"3152","Westport, NY",175
"3153","Wethersfield, CT",200
"3154","Wheaton, IL",1000
"3155","Wheeling, WV",200
"3156","White Marsh, MD",24
"3157","White Plains, NY",NA
"3158","White Settlement, TX",NA
"3159","Whitefish, MT",NA
"3160","Whitesburg, KY",NA
"3161","Whitewater, WI",NA
"3162","Whitman, MA",NA
"3163","Whittier, CA",NA
"3164","Wichita Falls, TX",NA
"3165","Wichita, KS",NA
"3166","Wildwood, NJ",NA
"3167","Wilkes-Barre, PA",NA
"3168","Wilkesboro, NC",200
"3169","Wilkinsburg, PA",213.333333333333
"3170","Williamsburg, VA",NA
"3171","Williamson, WV",NA
"3172","Williamsport, PA",NA
"3173","Williamstown, MA",NA
"3174","Willingboro, NJ",74.6666666666667
"3175","Williston, ND",62
"3176","Willits, CA",NA
"3177","Willmar, MN",14
"3178","Wilmar, MN",NA
"3179","Wilmette, IL",2000
"3180","Wilmington, DE",NA
"3181","Wilmington, MA",100
"3182","Wilmington, NC",NA
"3183","Wilmington, OH",NA
"3184","Wilmington, VT",75
"3185","Wilson, NC",NA
"3186","Wilton Manors, FL",24
"3187","Wilton, CT",1000
"3188","Wimberley, TX",130.5
"3189","Winchendon, MA",100
"3190","Winchester, KY",NA
"3191","Winchester, TN",300
"3192","Winchester, VA",NA
"3193","Windermere, FL",NA
"3194","Windham, CT",300
"3195","Windsor Locks, CT",50.5
"3196","Windsor, CT",NA
"3197","Windsor, NH",6.5
"3198","Winfield, KS",46.75
"3199","Winnetka, IL",4000
"3200","Winnsboro, LA",NA
"3201","Winona, MN",100
"3202","Winslow, ME",40
"3203","Winston-Salem, NC",NA
"3204","Winthrop, WA",NA
"3205","Wiscasset, ME",NA
"3206","Wisconsin Rapids, WI",24
"3207","Woburn, MA",200
"3208","Wolcott, CT",NA
"3209","Wolfeboro, NH",NA
"3210","Woodbridge, VA",NA
"3211","Woodburn, OR",200
"3212","Woodbury, CT",200
"3213","Woodbury, NJ",NA
"3214","Woodcliff Lake, NJ",NA
"3215","Woodland, CA",115
"3216","Woodstock, CT",NA
"3217","Woodstock, GA",73.3333333333333
"3218","Woodstock, IL",NA
"3219","Woodstock, NY",NA
"3220","Woodstock, VA",NA
"3221","Woodstock, VT",NA
"3222","Woodward, OK",150
"3223","Woonsocket, RI",NA
"3224","Wooster, OH",NA
"3225","Worcester, MA",NA
"3226","Worthington, MN",200
"3227","Worthington, OH",NA
"3228","Wyandotte, MI",NA
"3229","Wyckoff, NJ",NA
"3230","Wylie, TX",1000
"3231","Wynnewood, PA",300
"3232","Wynnwood, FL",300
"3233","Wyoming, RI",NA
"3234","Wytheville, VA",300
"3235","Xenia, OH",NA
"3236","Yachats, OR",NA
"3237","Yakima, WA",150
"3238","Yankton, SD",50
"3239","Yardley, PA",5500
"3240","Yazoo, MS",150
"3241","Yeadon, PA",100
"3242","Yellow Springs, OH",NA
"3243","Yonkers, NY",NA
"3244","Yorba Linda, CA",500
"3245","York, ME",150
"3246","York, PA",NA
"3247","York, SC",300
"3248","Yorktown, NY",1300
"3249","Youngstown, OH",NA
"3250","Ypsilanti, MI",637
"3251","Yreka, CA",200
"3252","Yucaipa, CA",NA
"3253","Yucca Valley, CA",100
"3254","Yuma, AZ",24
"3255","Zachary, LA",NA
"3256","Zanesville, OH",NA
"3257","Zelienople, PA",100
"3258","Zephyrhills, FL",50
"3259","Zinc, AR",NA
"3260","Zionsville, IN",6
